,pl_name,sy_snum,discoverymethod,disc_year,pl_radj,pl_bmassj
0,1RXS J160929.1-210524 b,1,Imaging,2008.0,1.664,8.0
1,2MASS J02192210-3925225 b,1,Imaging,2015.0,1.44,13.9
2,2MASS J0249-0557 c,2,Imaging,2018.0,1.55,11.38
3,2MASS J12073346-3932539 b,1,Imaging,2004.0,1.4,5.2
4,55 Cnc e,2,Radial Velocity,2004.0,0.17249546500000001,0.0254224
5,AU Mic b,1,Transit,2020.0,0.375,0.05348798
6,AU Mic c,1,Transit,2021.0,0.26898075,0.04414332
7,BD+20 594 b,1,Transit,2016.0,0.214473635,0.060642640000000005
8,BD+60 1417 b,1,Imaging,2021.0,1.31,15.0
9,BD-14 3065 b,3,Transit,2024.0,1.926,12.37
10,CD-35 2722 b,1,Imaging,2011.0,1.55,29.5
11,CFHTWIR-Oph 98 b,1,Imaging,2020.0,1.86,7.8
12,COCONUTS-2 b,1,Imaging,2021.0,1.11,7.5
13,CT Cha b,1,Imaging,2007.0,2.2,17.0
14,CoRoT-1 b,1,Transit,2008.0,1.49,1.07
15,CoRoT-10 b,1,Transit,2010.0,0.97,2.75
16,CoRoT-11 b,1,Transit,2010.0,1.428,2.415
17,CoRoT-12 b,1,Transit,2010.0,1.395,0.901
18,CoRoT-13 b,1,Transit,2010.0,0.885,1.312
19,CoRoT-14 b,1,Transit,2010.0,1.09,7.6
20,CoRoT-16 b,1,Transit,2011.0,1.17,0.532
21,CoRoT-17 b,1,Transit,2011.0,1.02,2.43
22,CoRoT-18 b,1,Transit,2011.0,1.2805,3.38
23,CoRoT-19 b,1,Transit,2011.0,1.29,1.11
24,CoRoT-2 b,2,Transit,2008.0,1.4655,3.39
25,CoRoT-20 b,1,Transit,2011.0,0.9199999999999999,4.235
26,CoRoT-21 b,1,Transit,2012.0,1.3,2.24
27,CoRoT-22 b,1,Transit,2014.0,0.435,0.038
28,CoRoT-23 b,1,Transit,2011.0,1.05,3.06
29,CoRoT-24 b,1,Transit,2014.0,0.33,0.018
30,CoRoT-24 c,1,Transit,2014.0,0.44,0.088
31,CoRoT-25 b,1,Transit,2013.0,1.08,0.2815
32,CoRoT-26 b,1,Transit,2013.0,1.26,0.55
33,CoRoT-27 b,1,Transit,2014.0,1.007,10.345
34,CoRoT-28 b,1,Transit,2015.0,0.955,0.4825
35,CoRoT-29 b,1,Transit,2015.0,0.9,0.845
36,CoRoT-3 b,1,Transit,2008.0,1.01,21.55
37,CoRoT-30 b,1,Transit,2020.0,1.009,2.9
38,CoRoT-31 b,1,Transit,2020.0,1.46,0.84
39,CoRoT-32 b,1,Transit,2018.0,0.57,0.15
40,CoRoT-35 b,1,Transit,2022.0,1.68,1.1
41,CoRoT-36 b,1,Transit,2022.0,1.41,0.68
42,CoRoT-4 b,1,Transit,2008.0,1.19,0.72
43,CoRoT-5 b,1,Transit,2009.0,1.322,0.4685
44,CoRoT-6 b,1,Transit,2009.0,1.166,2.96
45,CoRoT-7 b,1,Transit,2009.0,0.1455,0.018527155
46,CoRoT-8 b,1,Transit,2010.0,0.5945,0.218
47,CoRoT-9 b,2,Transit,2009.0,1.058,0.84
48,DH Tau b,1,Imaging,2004.0,2.7,11.0
49,DS Tuc A b,2,Transit,2019.0,0.5,1.3
50,EPIC 201595106 b,1,Transit,2021.0,0.13962019,0.02413252
51,EPIC 211945201 b,1,Transit,2018.0,0.518333905,0.05978047
52,EPIC 220674823 b,1,Transit,2016.0,0.152645325,0.025548380000000002
53,EPIC 220674823 c,1,Transit,2016.0,0.25006713,0.020640025
54,EPIC 229004835 b,1,Transit,2023.0,0.20126718500000002,0.046723324999999996
55,EPIC 246851721 b,2,Transit,2018.0,1.051,3.0
56,EPIC 248847494 b,1,Transit,2018.0,1.11,13.0
57,EPIC 249893012 b,1,Transit,2020.0,0.17396735,0.02753044
58,EPIC 249893012 c,1,Transit,2020.0,0.32741547,0.04615675
59,EPIC 249893012 d,1,Transit,2020.0,0.35150326,0.0320297
60,G 9-40 b,1,Transit,2019.0,0.17508267,0.024698865
61,GJ 1132 b,1,Transit,2015.0,0.104894135,0.0052701250000000005
62,GJ 1214 b,1,Transit,2009.0,0.24382235,0.02004216
63,GJ 1252 b,1,Transit,2020.0,0.1062986,0.00449928
64,GJ 143 b,1,Transit,2019.0,0.2328486,0.07142183
65,GJ 3090 b,1,Transit,2022.0,0.192256555,0.012365165000000001
66,GJ 341 b,1,Transit,2025.0,0.07850848,0.01258541
67,GJ 3470 b,1,Radial Velocity,2012.0,0.37770229499999997,0.04373407
68,GJ 3473 b,2,Transit,2020.0,0.11276653,0.00585219
69,GJ 357 b,1,Transit,2019.0,0.108261315,0.005773540000000001
70,GJ 367 b,1,Transit,2021.0,0.063208245,0.001854775
71,GJ 3929 b,1,Transit,2022.0,0.09991987499999999,0.004656604999999999
72,GJ 414 A b,2,Radial Velocity,2021.0,0.23463288,0.02391215
73,GJ 414 A c,2,Radial Velocity,2021.0,0.74939781,0.16936727
74,GJ 436 b,1,Radial Velocity,2004.0,0.371,0.07295
75,GJ 486 b,1,Radial Velocity,2021.0,0.1164243,0.00887267
76,GJ 806 b,1,Transit,2023.0,0.11874407,0.00597807
77,GJ 9827 b,1,Transit,2017.0,0.14069052,0.01532273
78,GJ 9827 c,1,Transit,2017.0,0.11067009,0.00520721
79,GJ 9827 d,1,Transit,2017.0,0.18039076,0.01076052
80,GPX-1 b,1,Transit,2021.0,1.47,19.7
81,GQ Lup b,1,Imaging,2004.0,3.8,25.5
82,GSC 06214-00210 b,1,Imaging,2010.0,1.8,15.0
83,GU Psc b,1,Imaging,2014.0,1.265,11.3
84,Gaia-1 b,1,Transit,2022.0,1.229,1.68
85,Gaia-2 b,1,Transit,2022.0,1.322,0.817
86,Gliese 12 b,1,Transit,2024.0,0.08296919,0.01217638
87,HAT-P-1 b,2,Transit,2006.0,1.2805,0.527
88,HAT-P-11 b,1,Transit,2008.0,0.422,0.081
89,HAT-P-12 b,1,Transit,2009.0,0.959,0.21
90,HAT-P-13 b,1,Transit,2009.0,1.384,0.891
91,HAT-P-14 b,2,Transit,2010.0,1.1749999999999998,2.2755
92,HAT-P-15 b,1,Transit,2010.0,1.072,1.946
93,HAT-P-16 b,3,Transit,2010.0,1.289,4.193
94,HAT-P-17 b,1,Transit,2012.0,1.015,0.54
95,HAT-P-18 b,1,Transit,2010.0,0.995,0.197
96,HAT-P-19 b,1,Transit,2010.0,1.132,0.284
97,HAT-P-2 b,1,Transit,2007.0,1.1285,8.82
98,HAT-P-20 b,1,Transit,2010.0,0.8685,7.258
99,HAT-P-21 b,1,Transit,2010.0,1.0670000000000002,4.1465
100,HAT-P-22 b,2,Transit,2010.0,1.08,2.172
101,HAT-P-23 b,1,Transit,2010.0,1.368,2.07
102,HAT-P-24 b,2,Transit,2010.0,1.271,0.704
103,HAT-P-25 b,1,Transit,2012.0,1.19,0.567
104,HAT-P-26 b,1,Transit,2010.0,0.63,0.059
105,HAT-P-27 b,2,Transit,2011.0,1.02,0.62
106,HAT-P-28 b,1,Transit,2011.0,1.212,0.6315
107,HAT-P-29 b,2,Transit,2011.0,1.107,0.773
108,HAT-P-3 b,2,Transit,2007.0,0.899,0.5974999999999999
109,HAT-P-30 b,2,Transit,2011.0,1.3900000000000001,0.7395
110,HAT-P-31 b,1,Transit,2011.0,1.07,2.171
111,HAT-P-32 b,2,Transit,2011.0,1.789,0.83
112,HAT-P-33 b,2,Transit,2011.0,1.686,0.762
113,HAT-P-34 b,1,Transit,2011.0,1.197,3.33
114,HAT-P-35 b,3,Transit,2011.0,1.332,1.056
115,HAT-P-36 b,1,Transit,2011.0,1.2705,1.8491
116,HAT-P-37 b,1,Transit,2011.0,1.178,1.19
117,HAT-P-38 b,1,Transit,2012.0,0.825,0.267
118,HAT-P-39 b,2,Transit,2012.0,1.571,0.584
119,HAT-P-4 b,2,Transit,2007.0,1.303,0.6755
120,HAT-P-40 b,1,Transit,2012.0,1.73,0.581
121,HAT-P-41 b,2,Transit,2012.0,1.685,0.8
122,HAT-P-42 b,1,Transit,2012.0,1.28,0.962
123,HAT-P-43 b,1,Transit,2012.0,1.281,0.696
124,HAT-P-44 b,1,Transit,2014.0,1.242,0.352
125,HAT-P-45 b,1,Transit,2014.0,1.426,0.876
126,HAT-P-46 b,1,Transit,2014.0,1.284,0.493
127,HAT-P-49 b,1,Transit,2014.0,1.413,1.77
128,HAT-P-5 b,1,Transit,2007.0,1.254,1.06
129,HAT-P-50 b,1,Transit,2015.0,1.288,1.3545
130,HAT-P-51 b,1,Transit,2015.0,1.293,0.309
131,HAT-P-52 b,1,Transit,2015.0,1.009,0.8174999999999999
132,HAT-P-53 b,1,Transit,2015.0,1.318,1.4805000000000001
133,HAT-P-54 b,1,Transit,2015.0,0.944,1.29
134,HAT-P-55 b,1,Transit,2015.0,1.182,0.582
135,HAT-P-56 b,1,Transit,2015.0,1.466,2.18
136,HAT-P-57 b,3,Transit,2015.0,1.5765,1.63
137,HAT-P-58 b,1,Transit,2021.0,1.332,0.372
138,HAT-P-59 b,1,Transit,2021.0,1.123,1.54
139,HAT-P-6 b,1,Transit,2007.0,1.33,1.063
140,HAT-P-60 b,1,Transit,2021.0,1.631,0.574
141,HAT-P-61 b,1,Transit,2021.0,0.899,1.057
142,HAT-P-62 b,1,Transit,2021.0,1.073,0.761
143,HAT-P-63 b,1,Transit,2021.0,1.119,0.614
144,HAT-P-64 b,1,Transit,2021.0,1.703,0.58
145,HAT-P-65 b,1,Transit,2016.0,1.7505,0.5405
146,HAT-P-66 b,1,Transit,2016.0,1.59,0.783
147,HAT-P-67 b,2,Transit,2017.0,2.1125,0.395
148,HAT-P-68 b,1,Transit,2020.0,1.072,0.724
149,HAT-P-69 b,1,Transit,2019.0,1.676,3.58
150,HAT-P-7 b,3,Transit,2008.0,1.4780000000000002,1.79
151,HAT-P-70 b,1,Transit,2019.0,1.87,6.78
152,HAT-P-8 b,3,Transit,2008.0,1.45,1.3170000000000002
153,HAT-P-9 b,1,Transit,2008.0,1.4,0.761
154,HATS-1 b,1,Transit,2012.0,1.302,1.8025
155,HATS-10 b,1,Transit,2015.0,0.969,0.5555
156,HATS-11 b,1,Transit,2016.0,1.4985,0.84
157,HATS-12 b,1,Transit,2016.0,1.367,2.385
158,HATS-13 b,1,Transit,2015.0,1.212,0.5675
159,HATS-14 b,1,Transit,2015.0,1.039,1.07
160,HATS-15 b,1,Transit,2016.0,1.105,2.17
161,HATS-16 b,1,Transit,2016.0,1.3,3.27
162,HATS-17 b,1,Transit,2016.0,0.777,1.338
163,HATS-18 b,1,Transit,2016.0,1.333,1.9797500000000001
164,HATS-2 b,1,Transit,2013.0,1.168,1.37
165,HATS-22 b,1,Transit,2017.0,0.953,2.74
166,HATS-23 b,1,Transit,2017.0,1.86,1.47
167,HATS-24 b,1,Transit,2017.0,1.441,2.3499999999999996
168,HATS-25 b,1,Transit,2016.0,1.26,0.613
169,HATS-26 b,1,Transit,2016.0,1.75,0.65
170,HATS-27 b,1,Transit,2016.0,1.5,0.53
171,HATS-28 b,1,Transit,2016.0,1.194,0.672
172,HATS-29 b,1,Transit,2016.0,1.226,0.6515
173,HATS-3 b,1,Transit,2013.0,1.381,1.071
174,HATS-30 b,2,Transit,2016.0,1.175,0.706
175,HATS-31 b,1,Transit,2016.0,1.64,0.88
176,HATS-32 b,1,Transit,2016.0,1.249,0.92
177,HATS-33 b,1,Transit,2016.0,1.23,1.192
178,HATS-34 b,1,Transit,2016.0,1.43,0.941
179,HATS-35 b,1,Transit,2016.0,1.464,1.222
180,HATS-36 b,1,Transit,2018.0,1.235,3.216
181,HATS-37 A b,2,Transit,2020.0,0.606,0.099
182,HATS-38 b,1,Transit,2020.0,0.614,0.074
183,HATS-39 b,1,Transit,2018.0,1.57,0.63
184,HATS-4 b,1,Transit,2014.0,1.02,1.3159999999999998
185,HATS-40 b,1,Transit,2018.0,1.58,1.59
186,HATS-41 b,1,Transit,2018.0,1.33,9.7
187,HATS-42 b,1,Transit,2018.0,1.4,1.88
188,HATS-43 b,1,Transit,2018.0,1.18,0.261
189,HATS-44 b,1,Transit,2018.0,1.067,0.56
190,HATS-45 b,1,Transit,2018.0,1.286,0.7
191,HATS-46 b,1,Transit,2018.0,0.903,0.173
192,HATS-47 b,1,Transit,2020.0,1.117,0.369
193,HATS-48 A b,2,Transit,2020.0,0.8,0.243
194,HATS-49 b,1,Transit,2020.0,0.765,0.353
195,HATS-5 b,1,Transit,2014.0,0.912,0.2375
196,HATS-50 b,1,Transit,2017.0,1.13,0.39
197,HATS-51 b,1,Transit,2017.0,1.41,0.768
198,HATS-52 b,1,Transit,2017.0,1.382,2.24
199,HATS-53 b,1,Transit,2017.0,1.34,0.595
200,HATS-54 b,1,Transit,2019.0,1.041,0.7565
201,HATS-55 b,1,Transit,2019.0,1.251,0.921
202,HATS-56 b,1,Transit,2019.0,1.688,0.602
203,HATS-57 b,1,Transit,2019.0,1.139,3.147
204,HATS-58 A b,2,Transit,2019.0,1.095,1.03
205,HATS-59 b,1,Transit,2018.0,1.126,0.806
206,HATS-6 b,1,Transit,2015.0,0.998,0.319
207,HATS-60 b,1,Transit,2018.0,1.153,0.662
208,HATS-61 b,1,Transit,2018.0,1.195,3.4
209,HATS-62 b,1,Transit,2018.0,1.055,0.179
210,HATS-63 b,1,Transit,2018.0,1.207,0.96
211,HATS-64 b,1,Transit,2018.0,1.679,0.96
212,HATS-65 b,2,Transit,2018.0,1.501,0.821
213,HATS-66 b,1,Transit,2018.0,1.411,5.33
214,HATS-67 b,1,Transit,2018.0,1.685,1.45
215,HATS-68 b,1,Transit,2018.0,1.232,1.29
216,HATS-69 b,1,Transit,2018.0,0.945,0.577
217,HATS-7 b,1,Transit,2015.0,0.563,0.1215
218,HATS-70 b,1,Transit,2019.0,1.384,12.9
219,HATS-71 b,1,Transit,2020.0,1.024,0.37
220,HATS-72 b,1,Transit,2020.0,0.7224,0.1254
221,HATS-74 A b,2,Transit,2021.0,1.032,1.46
222,HATS-75 b,1,Transit,2021.0,0.884,0.491
223,HATS-76 b,1,Transit,2021.0,1.079,2.629
224,HATS-77 b,1,Transit,2021.0,1.165,1.374
225,HATS-8 b,1,Transit,2015.0,0.873,0.14150000000000001
226,HATS-9 b,1,Transit,2015.0,1.065,0.823
227,HD 106315 b,1,Transit,2017.0,0.21411403,0.03303669
228,HD 106315 c,1,Transit,2017.0,0.39066889,0.04593674
229,HD 110067 b,3,Transit,2023.0,0.19627119,0.01790274
230,HD 110067 c,3,Transit,2023.0,0.21304346,0.01982202
231,HD 110067 d,3,Transit,2023.0,0.25443884,0.02680692
232,HD 110067 e,3,Transit,2023.0,0.17307551,0.01227077
233,HD 110067 f,3,Transit,2023.0,0.23204608,0.01585761
234,HD 110067 g,3,Transit,2023.0,0.23258136,0.02642936
235,HD 110113 b,1,Transit,2021.0,0.18288875,0.01431583
236,HD 114082 b,1,Radial Velocity,2022.0,1.0,8.0
237,HD 118203 b,1,Radial Velocity,2005.0,1.136,2.17
238,HD 135344 A b,2,Imaging,2025.0,1.45,10.0
239,HD 135694 b,1,Transit,2023.0,0.224909535,0.01856348
240,HD 136352 b,1,Radial Velocity,2019.0,0.14657889,0.01472493
241,HD 136352 c,1,Radial Velocity,2019.0,0.25488491,0.03536499
242,HD 136352 d,1,Radial Velocity,2019.0,0.22611333,0.027499114999999998
243,HD 137496 b,1,Transit,2021.0,0.11687057,0.01271126
244,HD 1397 b,1,Transit,2018.0,1.0245,0.391
245,HD 143811 AB b,2,Imaging,2025.0,1.4,6.1
246,HD 149026 b,1,Radial Velocity,2005.0,0.7324999999999999,0.3595
247,HD 152843 b,1,Transit,2021.0,0.288161795,0.033634505
248,HD 152843 c,1,Transit,2021.0,0.52502544,0.058474950000000005
249,HD 15337 b,1,Transit,2019.0,0.1516,0.02265362
250,HD 15337 c,1,Transit,2019.0,0.225,0.02551679
251,HD 17156 b,1,Radial Velocity,2007.0,1.0905,3.2474999999999996
252,HD 183579 b,1,Transit,2021.0,0.31492605,0.06198282
253,HD 18599 b,2,Transit,2022.0,0.23641757,0.078029525
254,HD 189733 b,2,Radial Velocity,2005.0,1.138,1.144
255,HD 191939 b,1,Transit,2020.0,0.30289315,0.03146352
256,HD 191939 c,1,Transit,2020.0,0.2839132,0.02265373
257,HD 191939 d,1,Transit,2020.0,0.2712111,0.00880979
258,HD 202772 A b,2,Transit,2019.0,1.5859999999999999,1.0175
259,HD 203030 b,1,Imaging,2006.0,1.29,11.0
260,HD 20329 b,1,Transit,2022.0,0.15344839,0.02334593
261,HD 206893 b,1,Imaging,2021.0,1.25,28.0
262,HD 206893 c,1,Imaging,2022.0,1.46,12.7
263,HD 207496 b,1,Transit,2023.0,0.2007319,0.01919275
264,HD 207897 b,1,Transit,2021.0,0.21607769,0.045936740000000004
265,HD 209458 b,1,Radial Velocity,1999.0,1.39,0.685
266,HD 213885 b,1,Transit,2019.0,0.15567847,0.02778215
267,HD 21520 b,1,Transit,2024.0,0.24061064,0.05569043
268,HD 21749 c,1,Transit,2019.0,0.07957891,0.01164144
269,HD 219134 b,1,Radial Velocity,2015.0,0.14309929500000002,0.014278260000000001
270,HD 219134 c,1,Radial Velocity,2015.0,0.13480239,0.01371803
271,HD 219134 d,1,Radial Velocity,2015.0,0.14363458,0.05087625
272,HD 219666 b,1,Transit,2018.0,0.42859903,0.053614590000000004
273,HD 221416 b,1,Transit,2019.0,0.836,0.19
274,HD 224018 b,1,Radial Velocity,2025.0,0.0811849,0.01290004
275,HD 224018 c,1,Transit,2025.0,0.21589831,0.03272206
276,HD 224018 d,1,Transit,2025.0,0.21411403,0.01321468
277,HD 22946 d,1,Transit,2023.0,0.23258136,0.08359857
278,HD 23472 b,1,Transit,2019.0,0.17271850500000002,0.041279995
279,HD 23472 c,1,Transit,2019.0,0.179275725,0.032391555
280,HD 23472 d,1,Transit,2022.0,0.06691063,0.00173049
281,HD 23472 e,1,Transit,2022.0,0.0729772,0.00226537
282,HD 23472 f,1,Transit,2022.0,0.10143652,0.00242269
283,HD 235088 b,1,Transit,2023.0,0.18097382499999998,0.01313602
284,HD 25463 b,1,Transit,2023.0,0.23041159,0.027058625
285,HD 25463 c,1,Transit,2023.0,0.12773461,0.013214674999999999
286,HD 260655 b,1,Transit,2022.0,0.113748075,0.0068118499999999995
287,HD 260655 c,1,Transit,2022.0,0.13676533,0.00972223
288,HD 2685 b,1,Transit,2019.0,1.44,1.17
289,HD 28109 b,1,Transit,2022.0,0.21808406,0.03885115
290,HD 28109 c,1,Transit,2022.0,0.372915265,0.026968955
291,HD 28109 d,1,Transit,2022.0,0.283701085,0.01806163
292,HD 3167 b,1,Transit,2016.0,0.147069575,0.01579465
293,HD 3167 c,1,Transit,2016.0,0.26764253,0.03083425
294,HD 332231 b,1,Transit,2020.0,0.838221595,0.238572335
295,HD 35843 c,1,Transit,2025.0,0.22660401,0.0356167
296,HD 5278 b,1,Transit,2021.0,0.21857474,0.02454154
297,HD 6061 b,2,Transit,2023.0,0.21757712499999998,0.03272206
298,HD 63433 b,1,Transit,2020.0,0.19200815,0.09290390000000001
299,HD 63433 c,1,Transit,2020.0,0.235188485,0.051504205
300,HD 63454 b,1,Radial Velocity,2005.0,1.098,0.398
301,HD 63935 b,1,Transit,2021.0,0.26343842500000003,0.033508645000000004
302,HD 63935 c,1,Radial Velocity,2021.0,0.26605956,0.03492451
303,HD 73344 b,1,Transit,2024.0,0.25729369,0.03297377
304,HD 73583 b,1,Transit,2022.0,0.25095378,0.04105989
305,HD 73583 c,1,Transit,2022.0,0.228260945,0.050656265
306,HD 77946 b,1,Transit,2024.0,0.24986488,0.030330835
307,HD 80606 b,2,Radial Velocity,2001.0,1.003,4.116
308,HD 80653 b,1,Transit,2020.0,0.143902345,0.017808305
309,HD 86226 c,1,Transit,2020.0,0.19270229,0.02281094
310,HD 88986 b,1,Radial Velocity,2023.0,0.2221433,0.05411725
311,HD 89345 b,1,Transit,2018.0,0.648,0.1123242
312,HD 93963 A b,2,Transit,2022.0,0.13110413,0.01356078
313,HD 93963 A c,2,Transit,2022.0,0.283155125,0.059151415
314,HD 95338 b,1,Radial Velocity,2020.0,0.35852128,0.13426525
315,HD 97658 b,1,Radial Velocity,2010.0,0.20501418,0.024651605
316,HIP 116454 b,2,Transit,2014.0,0.22299084000000002,0.034389075
317,HIP 29442 c,1,Radial Velocity,2023.0,0.139664795,0.01415858
318,HIP 29442 d,1,Radial Velocity,2023.0,0.129717415,0.01610932
319,HIP 41378 b,1,Transit,2016.0,0.223659945,0.025092154999999998
320,HIP 41378 c,1,Transit,2016.0,0.23338429,0.017194815000000002
321,HIP 41378 d,1,Transit,2016.0,0.31581819,0.01447322
322,HIP 41378 e,1,Transit,2016.0,0.43893376,0.03775622
323,HIP 41378 f,1,Transit,2016.0,0.82077044,0.03775622
324,HIP 65 A b,2,Transit,2020.0,2.03,3.213
325,HIP 65426 b,1,Imaging,2017.0,1.5,9.0
326,HIP 8152 b,1,Transit,2023.0,0.227329255,0.026272035
327,HIP 8152 c,1,Transit,2023.0,0.22323283500000002,0.031620835
328,HIP 94235 b,2,Transit,2022.0,0.26764253,1.19246736
329,HIP 9618 b,1,Transit,2023.0,0.34154589,0.02642936
330,HIP 9618 c,1,Transit,2023.0,0.298243,0.02485618
331,HIP 97166 b,1,Transit,2021.0,0.232854975,0.06151118
332,HN Peg b,1,Imaging,2006.0,1.05066,21.9987
333,HR 2562 b,1,Imaging,2016.0,1.11,30.0
334,HR 858 b,2,Transit,2019.0,0.17878521,0.01116955
335,HR 858 c,2,Transit,2019.0,0.17655486,0.01195614
336,HR 858 d,2,Transit,2019.0,0.17851757,0.0223391
337,HR 8799 b,1,Imaging,2008.0,1.2,7.0
338,HR 8799 c,1,Imaging,2008.0,1.2,10.0
339,HR 8799 d,1,Imaging,2008.0,1.2,10.0
340,HR 8799 e,1,Imaging,2010.0,1.17,10.0
341,K2-10 b,1,Transit,2015.0,0.33959347,0.08211957
342,K2-100 b,1,Transit,2016.0,0.332322815,0.04688064
343,K2-105 b,1,Transit,2017.0,0.336164105,0.07142195
344,K2-107 b,1,Transit,2017.0,1.44,0.84
345,K2-108 b,1,Transit,2017.0,0.471050455,0.18689283
346,K2-110 b,1,Transit,2017.0,0.23124275,0.05254381
347,K2-111 b,1,Transit,2017.0,0.1623698,0.0169903
348,K2-113 b,1,Transit,2017.0,0.93,1.29
349,K2-114 b,1,Transit,2017.0,0.942,2.01
350,K2-115 b,1,Transit,2017.0,1.084,0.925
351,K2-12 b,1,Transit,2015.0,0.21768259,0.01636103
352,K2-121 b,1,Transit,2017.0,0.63877351,0.16046394
353,K2-131 b,1,Transit,2017.0,0.15077196,0.02045118
354,K2-132 b,1,Transit,2017.0,1.3,0.49
355,K2-136 b,2,Transit,2017.0,0.09046318,0.01352931
356,K2-136 c,2,Transit,2017.0,0.26764253,0.05694897
357,K2-136 d,2,Transit,2017.0,0.13962019,0.00943906
358,K2-137 b,1,Transit,2017.0,0.07940048,0.5
359,K2-138 b,1,Transit,2017.0,0.13471318,0.00975364
360,K2-138 c,1,Transit,2017.0,0.20510304,0.01985338
361,K2-138 d,1,Transit,2017.0,0.21322152,0.02491898
362,K2-138 e,1,Transit,2017.0,0.30243554,0.04080798
363,K2-138 f,1,Transit,2017.0,0.25907753,0.00512853
364,K2-138 g,1,Transit,2021.0,0.26880186,0.01359217
365,K2-139 b,1,Transit,2017.0,0.808,0.387
366,K2-140 b,1,Transit,2017.0,1.1524999999999999,0.9744999999999999
367,K2-141 b,1,Transit,2018.0,0.134713295,0.01610924
368,K2-141 c,1,Transit,2018.0,0.6244987099999999,0.02422685
369,K2-146 b,1,Transit,2018.0,0.191810325,0.017889785
370,K2-146 c,1,Transit,2019.0,0.213221715,0.022959550000000002
371,K2-157 b,1,Transit,2018.0,0.0834,0.0036
372,K2-167 b,1,Transit,2018.0,0.20519261,0.02045129
373,K2-18 b,1,Transit,2015.0,0.215942735,0.02609886
374,K2-180 b,1,Transit,2018.0,0.2,0.0359
375,K2-182 b,1,Transit,2018.0,0.24099306999999998,0.06446352
376,K2-19 b,1,Transit,2015.0,0.62449925,0.09942472
377,K2-19 c,1,Transit,2015.0,0.36577813,0.03479865
378,K2-19 d,1,Transit,2016.0,0.09902774,0.03146352
379,K2-199 b,1,Transit,2018.0,0.1547866,0.022024465
380,K2-199 c,1,Transit,2018.0,0.246231135,0.039329395
381,K2-216 b,1,Transit,2018.0,0.15211004,0.022181720000000002
382,K2-22 b,2,Transit,2015.0,0.22303506,1.4
383,K2-222 b,1,Transit,2018.0,0.20965332,0.024384225
384,K2-229 b,1,Transit,2018.0,0.10678919,0.0080232
385,K2-229 c,1,Transit,2018.0,0.185565325,0.04452071
386,K2-232 b,1,Transit,2018.0,1.029,0.3925
387,K2-233 b,1,Transit,2018.0,0.11856564,0.02148958
388,K2-233 c,1,Transit,2018.0,0.113881895,0.027388995
389,K2-233 d,1,Transit,2018.0,0.210590065,0.049460649999999995
390,K2-237 b,1,Transit,2018.0,1.5434999999999999,1.3645
391,K2-238 b,1,Transit,2018.0,1.3,0.86
392,K2-24 b,1,Transit,2016.0,0.49424611,0.06103907
393,K2-24 c,1,Transit,2016.0,0.6833800050000001,0.06512928
394,K2-25 b,1,Transit,2015.0,0.306,0.07708562
395,K2-260 b,1,Transit,2018.0,1.5975000000000001,1.5699999999999998
396,K2-261 b,1,Transit,2018.0,0.85,0.215
397,K2-263 b,1,Transit,2018.0,0.21500617,0.04688064
398,K2-265 b,2,Transit,2018.0,0.1524,0.02057704
399,K2-266 b,2,Transit,2018.0,0.29440628,0.03545236
400,K2-266 c,2,Transit,2018.0,0.06289589,0.00091285
401,K2-266 d,2,Transit,2018.0,0.26139709,0.02800239
402,K2-266 e,2,Transit,2018.0,0.24355429,0.04499261
403,K2-27 b,3,Transit,2016.0,0.39967883,0.09501983
404,K2-277 b,1,Transit,2018.0,0.19894762,0.023283
405,K2-280 b,1,Transit,2018.0,0.6673220550000001,0.135450445
406,K2-285 b,1,Transit,2018.0,0.23106432,0.03045653
407,K2-285 c,1,Transit,2018.0,0.31492551,0.04933455
408,K2-285 d,1,Transit,2018.0,0.22125078,0.02045118
409,K2-285 e,1,Transit,2018.0,0.17396735,0.0336658
410,K2-287 b,1,Transit,2018.0,0.847,0.315
411,K2-29 b,2,Transit,2016.0,1.095,0.6715
412,K2-290 b,3,Transit,2019.0,0.27299491,0.03429506
413,K2-290 c,3,Transit,2019.0,1.008,0.774
414,K2-291 b,1,Transit,2019.0,0.14176108,0.02041972
415,K2-292 b,1,Transit,2019.0,0.23463288,0.07708523
416,K2-295 b,1,Transit,2018.0,0.897,0.335
417,K2-3 b,1,Transit,2015.0,0.190918175,0.02057709
418,K2-3 c,1,Transit,2015.0,0.15211004,0.009092929999999999
419,K2-3 d,1,Transit,2015.0,0.136051505,0.00786588
420,K2-30 b,1,Transit,2016.0,1.069,0.589
421,K2-31 b,2,Transit,2016.0,2.581926095,1.75381994
422,K2-32 b,2,Transit,2016.0,0.46520693999999996,0.051600045
423,K2-32 c,2,Transit,2016.0,0.27406595499999997,0.025485385
424,K2-32 d,2,Transit,2016.0,0.30841315,0.03775614
425,K2-32 e,2,Transit,2019.0,0.10812758,0.00660734
426,K2-329 b,1,Transit,2020.0,0.774,0.26
427,K2-33 b,1,Transit,2016.0,0.48175573000000005,3.6500000000000004
428,K2-34 b,1,Transit,2016.0,1.3635000000000002,1.729
429,K2-36 b,1,Transit,2016.0,0.12757605,0.01352931
430,K2-36 c,1,Transit,2016.0,0.28548488,0.02485618
431,K2-37 d,1,Transit,2016.0,0.20608475,0.0393294
432,K2-370 b,1,Transit,2022.0,0.23820186,0.03492451
433,K2-38 b,1,Transit,2016.0,0.13828198,0.02422691
434,K2-38 c,1,Transit,2016.0,0.210099205,0.025170815
435,K2-39 b,1,Transit,2016.0,0.56548537,0.121763505
436,K2-415 b,1,Transit,2023.0,0.09055239,0.02359764
437,K2-416 b,1,Transit,2023.0,0.23730971,5.2
438,K2-417 b,1,Transit,2023.0,0.29529893,2.2
439,K2-419 A b,2,Transit,2024.0,0.941,0.617
440,K2-55 b,1,Transit,2016.0,0.39521881,0.13843948
441,K2-60 b,1,Transit,2016.0,0.683,0.426
442,K2-66 b,1,Transit,2016.0,0.233740955,0.058679295
443,K2-73 b,1,Transit,2016.0,0.23017258,0.02894644
444,K2-77 b,1,Transit,2016.0,0.20519226,1.9
445,K2-79 b,1,Transit,2016.0,0.36488599,0.02375496
446,K2-85 b,1,Transit,2016.0,0.12489985,0.01006833
447,K2-97 b,1,Transit,2016.0,1.31,0.5145
448,K2-98 b,1,Transit,2016.0,0.4398259,0.10131202
449,K2-99 b,1,Transit,2016.0,1.10357938,0.90300298
450,KELT-1 b,1,Transit,2012.0,1.11,27.23
451,KELT-10 b,1,Transit,2016.0,1.404,0.6795
452,KELT-11 b,1,Transit,2017.0,1.35,0.195
453,KELT-12 b,1,Transit,2017.0,1.78,0.95
454,KELT-14 b,1,Transit,2016.0,1.6315,1.24
455,KELT-15 b,2,Transit,2016.0,1.5915,1.11
456,KELT-16 b,2,Transit,2017.0,1.399,2.73
457,KELT-17 b,1,Transit,2016.0,1.525,1.31
458,KELT-18 b,2,Transit,2017.0,1.57,1.18
459,KELT-19 A b,2,Transit,2017.0,1.91,4.07
460,KELT-2 A b,2,Transit,2012.0,1.29,1.527
461,KELT-20 b,1,Transit,2017.0,1.7855,10.191
462,KELT-21 b,1,Transit,2018.0,1.586,3.91
463,KELT-23 A b,2,Transit,2019.0,1.323,0.938
464,KELT-24 b,2,Transit,2019.0,1.272,4.59
465,KELT-3 b,2,Transit,2013.0,1.3475000000000001,1.4775
466,KELT-4 A b,3,Transit,2016.0,1.6995,0.901
467,KELT-6 b,1,Transit,2014.0,1.18,0.442
468,KELT-7 b,1,Transit,2015.0,1.5665,1.335
469,KELT-8 b,1,Transit,2015.0,1.86,0.858
470,KELT-9 b,2,Transit,2017.0,1.837,2.66
471,KOI-12 b,1,Transit,2015.0,1.43,5.32
472,KOI-1257 b,2,Transit,2014.0,0.94,1.45
473,KOI-13 b,3,Transit,2011.0,1.512,8.3
474,KOI-134 b,1,Transit,2025.0,1.074,1.09
475,KOI-142 b,1,Transit,2013.0,0.337,0.03
476,KOI-1599.01,1,Transit,2019.0,0.16950665,0.01447315
477,KOI-1599.02,1,Transit,2019.0,0.16950665,0.02831702
478,KOI-1783.01,1,Transit,2020.0,0.79043626,0.22338986
479,KOI-1783.02,1,Transit,2020.0,0.48532429,0.04719504
480,KOI-1831 d,1,Transit,2018.0,0.10081202,0.00701636
481,KOI-1833 d,1,Transit,2021.0,0.23017258,0.0346728
482,KOI-1843.03,1,Transit,2013.0,0.05442065,0.02517081
483,KOI-2513.01,1,Transit,2023.0,0.25,23.0
484,KOI-3503 b,1,Transit,2021.0,0.10616487,0.02894644
485,KOI-3503 c,1,Transit,2021.0,0.10794916,0.03259621
486,KOI-351 g,1,Transit,2013.0,0.704277515,0.43572018500000004
487,KOI-351 h,1,Transit,2013.0,1.006918965,0.9708733549999999
488,KOI-3680 b,1,Transit,2018.0,0.99,1.93
489,KOI-4777.01,1,Transit,2022.0,0.04549923,0.3121181
490,KOI-94 b,2,Transit,2013.0,0.14956640999999998,0.02552549
491,KOI-94 c,2,Transit,2013.0,0.34472358,0.02454142
492,KOI-94 d,2,Transit,2013.0,0.91988739,0.25045537
493,KOI-94 e,2,Transit,2013.0,0.565316955,0.067733065
494,KPS-1 b,1,Transit,2018.0,1.03,1.09
495,Kepler-10 b,1,Transit,2011.0,0.13114484,0.011386395
496,Kepler-10 c,1,Transit,2011.0,0.20982647999999998,0.040981925
497,Kepler-100 b,1,Transit,2014.0,0.119547,0.01713162
498,Kepler-100 c,1,Transit,2014.0,0.20238059,0.017387055
499,Kepler-100 d,1,Transit,2014.0,0.14051649,0.00750888
500,Kepler-101 b,1,Transit,2014.0,0.51,0.16
501,Kepler-101 c,1,Transit,2014.0,0.112,0.01
502,Kepler-102 b,1,Transit,2014.0,0.04151926,0.00849512
503,Kepler-102 c,1,Transit,2014.0,0.05129222,0.007393904999999999
504,Kepler-102 d,1,Transit,2014.0,0.1045,0.010719530000000001
505,Kepler-102 e,1,Transit,2013.0,0.198,0.01491646
506,Kepler-102 f,1,Transit,2014.0,0.07790670499999999,0.01494513
507,Kepler-103 b,1,Transit,2014.0,0.30598693,0.033858965000000005
508,Kepler-103 c,1,Transit,2014.0,0.48639124,0.116780685
509,Kepler-104 b,2,Transit,2014.0,0.24566487,0.046645635000000005
510,Kepler-104 c,2,Transit,2014.0,0.21054546,0.02247458
511,Kepler-104 d,2,Transit,2014.0,0.23507936,0.01743092
512,Kepler-105 b,1,Transit,2013.0,0.358855935,0.0249903
513,Kepler-105 c,1,Transit,2014.0,0.13560543,0.01289998
514,Kepler-106 b,1,Transit,2014.0,0.073,0.01667558
515,Kepler-106 c,1,Transit,2014.0,0.21797712,0.03746014
516,Kepler-106 d,1,Transit,2014.0,0.085,0.02548532
517,Kepler-106 e,1,Transit,2014.0,0.23091518,0.027868215000000002
518,Kepler-107 b,1,Transit,2014.0,0.13703285999999998,0.01149989
519,Kepler-107 c,1,Transit,2014.0,0.14247492,0.03050381
520,Kepler-107 d,1,Transit,2014.0,0.076724125,0.018091495
521,Kepler-107 e,1,Transit,2014.0,0.25898853499999996,0.035711025
522,Kepler-109 b,1,Transit,2014.0,0.211,0.01541712
523,Kepler-109 c,1,Transit,2014.0,0.2265148,0.02580009
524,Kepler-11 b,1,Transit,2010.0,0.16614561,0.014
525,Kepler-11 c,1,Transit,2010.0,0.26409623000000004,0.027035005
526,Kepler-11 d,1,Transit,2010.0,0.29440628,0.02139509
527,Kepler-11 e,1,Transit,2010.0,0.36015764,0.025
528,Kepler-11 f,1,Transit,2010.0,0.23195646,0.007
529,Kepler-11 g,1,Transit,2010.0,0.32010047,0.079
530,Kepler-111 c,1,Transit,2014.0,0.632,0.7
531,Kepler-113 b,1,Transit,2014.0,0.170258785,0.030340705
532,Kepler-113 c,1,Transit,2014.0,0.21574407,0.01534561
533,Kepler-114 b,1,Transit,2014.0,0.091,0.021
534,Kepler-114 c,1,Transit,2013.0,0.129,0.0675
535,Kepler-114 d,1,Transit,2013.0,0.226,0.012
536,Kepler-117 b,1,Transit,2014.0,0.719,0.094
537,Kepler-117 c,1,Transit,2014.0,1.101,1.84
538,Kepler-12 b,1,Transit,2011.0,1.7005,0.4315
539,Kepler-120 b,1,Transit,2014.0,0.206,0.027
540,Kepler-122 e,1,Transit,2014.0,0.18,0.087
541,Kepler-122 f,1,Transit Timing Variations,2014.0,0.156,0.113
542,Kepler-123 b,1,Transit,2014.0,0.227,0.174
543,Kepler-126 b,1,Transit,2014.0,0.14086919,0.0129436
544,Kepler-126 c,1,Transit,2014.0,0.1434564,0.00402415
545,Kepler-126 d,1,Transit,2014.0,0.22642558,0.17175992
546,Kepler-128 b,1,Transit,2013.0,0.113886675,0.054462335
547,Kepler-128 c,1,Transit,2013.0,0.110273395,0.057817335
548,Kepler-129 b,1,Transit,2014.0,0.209251855,0.047544965
549,Kepler-129 c,1,Transit,2014.0,0.21928845,0.10746952500000001
550,Kepler-131 b,1,Transit,2014.0,0.19956902999999998,0.03628414
551,Kepler-131 c,1,Transit,2014.0,0.075,0.026
552,Kepler-136 b,2,Transit,2014.0,0.161,0.062
553,Kepler-138 b,1,Transit,2014.0,0.05981805,0.0004043
554,Kepler-138 c,1,Transit,2014.0,0.144,0.00723661
555,Kepler-138 d,1,Transit,2014.0,0.139356705,0.003340605
556,Kepler-139 b,1,Transit,2014.0,0.2120621,0.01663759
557,Kepler-139 c,1,Transit,2014.0,0.21866395,0.07317092
558,Kepler-139 d,1,Transit,2023.0,0.15121803,0.01465595
559,Kepler-14 b,2,Transit,2011.0,1.1309999999999998,8.04
560,Kepler-145 b,1,Transit,2013.0,0.236,0.117
561,Kepler-145 c,1,Transit,2013.0,0.385,0.25
562,Kepler-15 b,1,Transit,2011.0,0.96,0.66
563,Kepler-1513 b,1,Transit,2016.0,0.76670665,0.152
564,Kepler-1514 b,1,Transit,2016.0,1.108,5.28
565,Kepler-16 b,2,Transit,2011.0,0.7538,0.333
566,Kepler-161 b,1,Transit,2014.0,0.172,0.038
567,Kepler-161 c,1,Transit,2014.0,0.167,0.037
568,Kepler-1647 b,2,Transit,2016.0,1.0593184,1.51968033
569,Kepler-1654 b,1,Transit,2018.0,0.819,0.5
570,Kepler-1655 b,1,Transit,2018.0,0.19743081,0.01636099
571,Kepler-1656 b,1,Transit,2018.0,0.4478544,0.15291193
572,Kepler-1661 b,2,Transit,2020.0,0.34525827,0.05348771
573,Kepler-167 e,2,Transit,2016.0,0.90641605,1.01
574,Kepler-17 b,1,Transit,2011.0,1.31,2.45
575,Kepler-170 b,1,Transit,2014.0,0.275,0.26
576,Kepler-1704 b,1,Transit,2021.0,1.066,4.16
577,Kepler-1705 b,1,Transit,2021.0,0.18110478,0.01406419
578,Kepler-1705 c,1,Transit,2021.0,0.18288907,0.01705323
579,Kepler-1708 b,1,Transit,2021.0,0.88857321,4.6
580,Kepler-1710 b,1,Transit,2021.0,0.23079708,0.01099626
581,Kepler-176 c,1,Transit,2014.0,0.228,0.072
582,Kepler-176 d,1,Transit,2014.0,0.22,0.048
583,Kepler-177 b,1,Transit,2013.0,0.27656348,0.01699021
584,Kepler-177 c,1,Transit,2013.0,0.65126238,0.04247554
585,Kepler-18 b,1,Transit,2011.0,0.16969422499999998,0.030989805
586,Kepler-18 c,1,Transit,2011.0,0.466,0.058
587,Kepler-18 d,1,Transit,2011.0,0.563142075,0.0505
588,Kepler-183 c,1,Transit,2014.0,0.199,0.112
589,Kepler-184 c,1,Transit,2014.0,0.174,0.028
590,Kepler-1876 b,1,Transit,2021.0,0.07609969,0.00755124
591,Kepler-189 c,1,Transit,2014.0,0.214,0.071
592,Kepler-19 b,1,Transit,2011.0,0.19707412,0.0232776
593,Kepler-197 c,2,Transit,2014.0,0.11,0.017
594,Kepler-1972 b,1,Transit,2022.0,0.07154977,0.00635563
595,Kepler-1972 c,1,Transit,2022.0,0.07743791,0.0066388
596,Kepler-20 b,2,Transit,2011.0,0.1683259,0.030225315000000003
597,Kepler-20 c,2,Transit,2011.0,0.26501048,0.041374475
598,Kepler-20 d,2,Transit,2011.0,0.238647715,0.041448095000000004
599,Kepler-20 e,2,Transit,2011.0,0.07532242,0.006195615
600,Kepler-20 f,2,Transit,2011.0,0.08846595,0.024702445
601,Kepler-203 c,1,Transit,2014.0,0.186,2.36
602,Kepler-203 d,1,Transit,2014.0,0.109,0.107
603,Kepler-21 b,2,Transit,2012.0,0.14622179,0.02359764
604,Kepler-211 c,1,Transit,2014.0,0.219,0.058
605,Kepler-215 d,1,Transit,2014.0,0.209,0.074
606,Kepler-219 d,1,Transit,2014.0,0.224,0.06
607,Kepler-22 b,1,Transit,2011.0,0.199674885,0.0708159
608,Kepler-221 c,1,Transit,2014.0,0.239,0.048
609,Kepler-223 b,1,Transit,2014.0,0.23151039,0.017934115
610,Kepler-223 c,1,Transit,2014.0,0.26942635,0.02753044
611,Kepler-223 d,1,Transit,2014.0,0.40324739,0.021867035
612,Kepler-223 e,1,Transit,2014.0,0.41038451,0.01510241
613,Kepler-226 b,1,Transit,2014.0,0.139,0.076
614,Kepler-226 c,1,Transit,2014.0,0.204,0.142
615,Kepler-23 b,1,Transit,2011.0,0.17,0.048
616,Kepler-23 c,1,Transit,2011.0,0.285,0.189
617,Kepler-23 d,1,Transit,2014.0,0.19640324,0.0344849
618,Kepler-231 b,1,Transit,2014.0,0.196,0.111
619,Kepler-231 c,1,Transit,2014.0,0.19,0.076
620,Kepler-238 e,1,Transit,2013.0,0.5,0.534
621,Kepler-238 f,1,Transit,2013.0,0.178,0.042
622,Kepler-24 b,1,Transit,2011.0,0.20947489,0.105
623,Kepler-24 c,1,Transit,2011.0,0.22428444,0.106
624,Kepler-240 c,1,Transit,2014.0,0.203,0.322
625,Kepler-244 d,1,Transit,2014.0,0.207,0.048
626,Kepler-245 c,1,Transit,2014.0,0.212,0.71
627,Kepler-245 d,1,Transit,2014.0,0.295,0.068
628,Kepler-25 b,2,Transit,2011.0,0.24123514,0.03020483
629,Kepler-25 c,2,Transit,2011.0,0.412794,0.07571841
630,Kepler-254 c,1,Transit,2014.0,0.186,0.01
631,Kepler-26 b,1,Transit,2011.0,0.27299516,0.015951925
632,Kepler-26 c,1,Transit,2011.0,0.24266215,0.01950728
633,Kepler-267 b,1,Transit,2014.0,0.188,0.119
634,Kepler-27 b,1,Transit,2011.0,0.4395,4.6209999999999996
635,Kepler-27 c,1,Transit,2011.0,0.5385,6.9335
636,Kepler-272 b,1,Transit,2014.0,0.117,0.245
637,Kepler-272 c,1,Transit,2014.0,0.145,0.308
638,Kepler-276 c,1,Transit,2013.0,0.2555,0.0655
639,Kepler-276 d,1,Transit,2013.0,0.247,0.0545
640,Kepler-277 b,1,Transit,2013.0,0.261,0.2605
641,Kepler-277 c,1,Transit,2013.0,0.3,0.1635
642,Kepler-278 b,1,Transit,2014.0,0.35284207,0.1761957
643,Kepler-278 c,1,Transit,2014.0,0.29155193,0.10980768
644,Kepler-279 c,1,Transit,2013.0,0.437338565,0.089141445
645,Kepler-279 d,1,Transit,2013.0,0.33031015500000005,0.066079255
646,Kepler-28 b,1,Transit,2011.0,0.261,0.028
647,Kepler-28 c,1,Transit,2011.0,0.247,0.034
648,Kepler-282 d,1,Transit,2013.0,0.219,0.192
649,Kepler-282 e,1,Transit,2013.0,0.277,0.177
650,Kepler-289 b,1,Transit,2014.0,0.20707165,0.01732075
651,Kepler-289 c,1,Transit,2014.0,1.03,0.42
652,Kepler-289 d,1,Transit,2014.0,0.25465948,0.01488503
653,Kepler-29 b,1,Transit,2011.0,0.29886698,0.01573168
654,Kepler-29 c,1,Transit,2011.0,0.259,0.01415851
655,Kepler-297 b,1,Transit,2014.0,0.289,0.153
656,Kepler-297 c,1,Transit,2014.0,0.659,0.132
657,Kepler-30 b,1,Transit,2012.0,0.31958524499999996,0.11800000000000001
658,Kepler-30 c,1,Transit,2012.0,1.13285186,3.528
659,Kepler-30 d,1,Transit,2012.0,0.86533433,8.5365
660,Kepler-305 b,1,Transit,2013.0,0.324,0.028
661,Kepler-305 c,1,Transit,2013.0,0.2965,0.0165
662,Kepler-305 d,1,Transit,2014.0,0.2435545,0.02406952
663,Kepler-307 b,1,Transit,2013.0,0.26853421,0.02340874
664,Kepler-307 c,1,Transit,2013.0,0.24266215,0.01145266
665,Kepler-31 c,1,Transit,2011.0,0.4465,2.3965
666,Kepler-31 d,1,Transit,2014.0,0.3479347,6.8
667,Kepler-310 d,1,Transit,2014.0,0.18734945,0.02202435
668,Kepler-317 b,1,Transit,2014.0,0.186,0.345
669,Kepler-32 b,1,Transit,2011.0,0.1985,2.065
670,Kepler-32 c,1,Transit,2011.0,0.179,0.262
671,Kepler-323 b,1,Transit,2014.0,0.13610239,1.0826353850000001
672,Kepler-323 c,1,Transit,2014.0,0.15503313000000002,0.136197595
673,Kepler-326 b,1,Transit,2014.0,0.27,0.14
674,Kepler-326 c,1,Transit,2014.0,0.249,0.055
675,Kepler-326 d,1,Transit,2014.0,0.215,0.022
676,Kepler-327 c,1,Transit,2014.0,0.105,0.064
677,Kepler-328 b,1,Transit,2013.0,0.205,0.09
678,Kepler-328 c,1,Transit,2013.0,0.482,0.124
679,Kepler-33 c,1,Transit,2011.0,0.23195646,0.00122707
680,Kepler-33 d,1,Transit,2011.0,0.41038451,0.01289998
681,Kepler-33 e,1,Transit,2011.0,0.31492551,0.01752509
682,Kepler-33 f,1,Transit,2011.0,0.3568561,0.03036214
683,Kepler-333 b,2,Transit,2014.0,0.144,0.089
684,Kepler-338 b,1,Transit,2014.0,0.217,0.096
685,Kepler-338 e,1,Transit Timing Variations,2014.0,0.139,0.027
686,Kepler-339 c,1,Transit,2014.0,0.103,0.023
687,Kepler-339 d,1,Transit,2014.0,0.105,0.046
688,Kepler-34 b,2,Transit,2011.0,0.764,0.22
689,Kepler-345 b,1,Transit,2014.0,0.07137122,0.00157317
690,Kepler-345 c,1,Transit,2014.0,0.11597823,0.00692194
691,Kepler-349 b,1,Transit,2014.0,0.166,0.297
692,Kepler-35 b,2,Transit,2011.0,0.728,0.127
693,Kepler-350 c,1,Transit,2013.0,0.2515,0.020999999999999998
694,Kepler-350 d,1,Transit,2013.0,0.2265,0.047
695,Kepler-351 b,1,Transit,2014.0,0.27,0.015
696,Kepler-351 c,1,Transit,2014.0,0.282,0.035
697,Kepler-359 c,1,Transit,2014.0,0.42822732,0.00912437
698,Kepler-359 d,1,Transit,2014.0,0.41038451,0.00849511
699,Kepler-36 b,1,Transit,2012.0,0.13364261,0.01227071
700,Kepler-36 c,1,Transit,2012.0,0.32937818,0.025
701,Kepler-363 c,1,Transit,2014.0,0.215,0.209
702,Kepler-37 b,1,Transit,2013.0,0.02763855,0.01
703,Kepler-37 c,1,Transit,2013.0,0.06713361000000001,0.020923145
704,Kepler-37 d,1,Transit,2013.0,0.178,0.0383853
705,Kepler-38 b,2,Transit,2012.0,0.384,0.384
706,Kepler-385 b,1,Transit,2014.0,0.249,0.04
707,Kepler-385 c,1,Transit,2014.0,0.277,0.042
708,Kepler-39 b,1,Transit,2011.0,1.23,19.05
709,Kepler-391 b,1,Transit,2014.0,0.22303545,3.46098705
710,Kepler-391 c,1,Transit,2014.0,0.25693683,1.41585834
711,Kepler-396 b,1,Transit,2013.0,0.312,0.238
712,Kepler-396 c,1,Transit,2013.0,0.473,0.056
713,Kepler-4 b,1,Transit,2009.0,0.3625,0.076
714,Kepler-40 b,1,Transit,2010.0,1.355,2.14
715,Kepler-406 b,1,Transit,2014.0,0.12852488499999998,0.018384925
716,Kepler-406 c,1,Transit,2014.0,0.076,0.009
717,Kepler-407 b,1,Transit,2014.0,0.10357766,0.00607246
718,Kepler-408 b,1,Transit,2014.0,0.073,0.01573168
719,Kepler-409 b,1,Transit,2014.0,0.106,0.01887811
720,Kepler-41 b,1,Transit,2011.0,1.04,0.56
721,Kepler-411 b,2,Transit,2013.0,0.21420287,0.0805462
722,Kepler-411 c,2,Transit,2016.0,0.3944152,0.08306327
723,Kepler-411 d,2,Transit,2018.0,0.29610135,0.04782431
724,Kepler-412 b,1,Transit,2014.0,1.325,0.939
725,Kepler-413 b,2,Transit,2014.0,0.388,0.211
726,Kepler-414 b,1,Transit Timing Variations,2014.0,0.153,0.011
727,Kepler-414 c,1,Transit Timing Variations,2014.0,0.269,0.094
728,Kepler-415 b,1,Transit Timing Variations,2014.0,0.108,0.377
729,Kepler-416 b,1,Transit Timing Variations,2014.0,0.221,0.183
730,Kepler-417 b,1,Transit Timing Variations,2014.0,0.206,0.035
731,Kepler-418 b,1,Transit,2014.0,1.2,1.1
732,Kepler-419 b,1,Transit,2014.0,0.96,2.54
733,Kepler-422 b,1,Transit,2014.0,1.15,0.45999999999999996
734,Kepler-423 b,1,Transit,2014.0,1.192,0.606
735,Kepler-424 b,1,Transit,2014.0,0.89,1.053
736,Kepler-425 b,1,Transit,2014.0,0.978,0.238
737,Kepler-426 b,1,Transit,2014.0,1.09,0.3385
738,Kepler-427 b,1,Transit,2014.0,1.23,0.291
739,Kepler-428 b,1,Transit,2014.0,1.08,1.275
740,Kepler-43 b,1,Transit,2011.0,1.16,3.135
741,Kepler-432 b,2,Transit,2015.0,1.145,4.87
742,Kepler-433 b,1,Transit,2015.0,1.45,2.815
743,Kepler-434 b,1,Transit,2015.0,1.13,2.92
744,Kepler-435 b,1,Transit,2015.0,1.99,0.845
745,Kepler-44 b,1,Transit,2011.0,1.145,1.01
746,Kepler-444 d,3,Transit,2015.0,0.04460701,0.00062927
747,Kepler-444 e,3,Transit,2015.0,0.04460701,0.00031463
748,Kepler-447 b,1,Transit,2015.0,1.65,1.37
749,Kepler-45 b,1,Transit,2011.0,0.96,0.5
750,Kepler-450 b,1,Transit,2015.0,0.5427246,0.06103892
751,Kepler-450 c,1,Transit,2015.0,0.23158176,0.0393292
752,Kepler-450 d,1,Transit,2015.0,0.08393255,0.05537552
753,Kepler-453 b,2,Transit,2015.0,0.55348381,0.05034138
754,Kepler-454 b,2,Transit,2015.0,0.21071862,0.018018134999999998
755,Kepler-46 b,1,Transit,2012.0,0.809,3.4425
756,Kepler-462 b,1,Transit,2016.0,0.26764207,0.16958752
757,Kepler-462 c,1,Transit,2018.0,0.3568561,0.01887802
758,Kepler-47 b,2,Transit,2012.0,0.27105138500000003,1.00325646
759,Kepler-47 c,2,Transit,2012.0,0.412922605,14.004986945
760,Kepler-47 d,2,Transit,2019.0,0.62806673,0.05984331
761,Kepler-48 b,1,Transit,2012.0,0.175361185,0.032897365
762,Kepler-48 c,1,Transit,2012.0,0.255385005,0.0388453
763,Kepler-48 d,1,Transit,2014.0,0.179322035,0.026486870000000003
764,Kepler-49 b,1,Transit,2012.0,0.20519226,0.027
765,Kepler-49 c,1,Transit,2012.0,0.24979927,0.026
766,Kepler-5 b,1,Transit,2009.0,1.4285,2.1125
767,Kepler-507 b,1,Transit,2016.0,0.114551,0.01792452
768,Kepler-51 b,1,Transit,2012.0,0.61468569,0.01101223
769,Kepler-51 c,1,Transit,2012.0,0.68605703,0.015857615
770,Kepler-51 d,1,Transit,2014.0,0.84396612,0.01950728
771,Kepler-52 b,1,Transit,2012.0,0.20600000000000002,0.33737875
772,Kepler-52 c,1,Transit,2012.0,0.18,0.170422185
773,Kepler-53 b,1,Transit,2012.0,0.2555,0.33662253
774,Kepler-53 c,1,Transit,2012.0,0.28049999999999997,0.112634335
775,Kepler-538 b,2,Transit,2016.0,0.19760906,0.03335116
776,Kepler-539 b,1,Transit,2016.0,0.747,0.97
777,Kepler-54 b,1,Transit,2012.0,0.180290755,0.038861115
778,Kepler-54 c,1,Transit,2012.0,0.13429676499999998,0.03430367
779,Kepler-549 b,1,Transit,2016.0,0.27656348,0.0346097
780,Kepler-55 b,1,Transit,2012.0,0.23,0.135
781,Kepler-55 c,1,Transit,2012.0,0.21,0.22
782,Kepler-553 b,1,Transit,2016.0,0.423,0.365
783,Kepler-553 c,1,Transit,2016.0,1.033,6.7
784,Kepler-56 b,1,Transit,2012.0,0.51799576,0.107609865
785,Kepler-56 c,1,Transit,2012.0,0.90983433,0.655616095
786,Kepler-57 b,1,Transit,2012.0,0.211,0.36183046
787,Kepler-57 c,1,Transit,2012.0,0.15,0.023
788,Kepler-58 b,1,Transit,2012.0,0.2425,0.110847745
789,Kepler-58 c,1,Transit,2012.0,0.255,0.16675665
790,Kepler-595 b,1,Transit,2016.0,0.3308056,0.05474625
791,Kepler-595 c,1,Transit,2020.0,0.09001695,0.01038291
792,Kepler-6 b,1,Transit,2009.0,1.2365,0.6575
793,Kepler-60 b,1,Transit,2012.0,0.16054078,0.014866480000000001
794,Kepler-60 c,1,Transit,2012.0,0.17615325,0.012097690000000001
795,Kepler-60 d,1,Transit,2012.0,0.17753591,0.01308876
796,Kepler-62 b,1,Transit,2013.0,0.117,0.03
797,Kepler-62 c,1,Transit,2013.0,0.048,0.013
798,Kepler-62 d,1,Transit,2013.0,0.174,0.044
799,Kepler-62 e,1,Transit,2013.0,0.144,0.113
800,Kepler-62 f,1,Transit,2013.0,0.126,0.11
801,Kepler-63 b,1,Transit,2013.0,0.545,0.378
802,Kepler-643 b,1,Transit,2016.0,1.14,1.01
803,Kepler-65 b,1,Transit,2012.0,0.132259905,0.00766147
804,Kepler-65 c,1,Transit,2012.0,0.233,0.017
805,Kepler-65 d,1,Transit,2012.0,0.15019195000000002,0.01318331
806,Kepler-68 b,2,Transit,2013.0,0.20786868,0.02526521
807,Kepler-68 c,2,Transit,2013.0,0.08617034000000001,0.01169964
808,Kepler-7 b,1,Transit,2009.0,1.622,0.441
809,Kepler-74 b,1,Transit,2013.0,0.96,0.63
810,Kepler-75 b,1,Transit,2013.0,1.05,10.1
811,Kepler-76 b,1,Orbital Brightness Modulation,2013.0,1.25,2.0
812,Kepler-77 b,1,Transit,2013.0,0.96,0.522
813,Kepler-78 b,2,Transit,2013.0,0.10705683,0.00588365
814,Kepler-79 b,1,Transit,2012.0,0.29779641,0.0393292
815,Kepler-79 c,1,Transit,2012.0,0.31697743,0.02989019
816,Kepler-79 d,1,Transit,2014.0,0.62782367,0.027276799999999997
817,Kepler-79 e,1,Transit,2014.0,0.30457668,0.013
818,Kepler-8 b,1,Transit,2010.0,1.4175,0.59
819,Kepler-80 b,1,Transit,2012.0,0.224685705,0.01640817
820,Kepler-80 c,1,Transit,2012.0,0.234053185,0.01609354
821,Kepler-80 d,1,Transit,2014.0,0.11678136,0.01872079
822,Kepler-80 e,1,Transit,2014.0,0.11865486,0.00934467
823,Kepler-80 g,1,Transit,2017.0,0.09367489,0.00020451
824,Kepler-81 b,1,Transit,2012.0,0.25,0.054
825,Kepler-81 c,1,Transit,2012.0,0.241,0.014
826,Kepler-82 b,1,Transit,2012.0,0.35755054,0.09911399
827,Kepler-82 c,1,Transit,2012.0,0.473701445,0.050867035000000005
828,Kepler-83 b,2,Transit,2012.0,0.242,0.132
829,Kepler-83 c,2,Transit,2012.0,0.208,0.036
830,Kepler-83 d,2,Transit,2014.0,0.19,0.077
831,Kepler-84 b,1,Transit,2012.0,0.174,0.126
832,Kepler-84 c,1,Transit,2012.0,0.184,0.064
833,Kepler-849 b,1,Transit,2016.0,0.721,0.94
834,Kepler-85 b,1,Transit,2012.0,0.15862281,0.00578929
835,Kepler-85 c,1,Transit,2012.0,0.18373282000000002,0.036382330000000004
836,Kepler-85 e,1,Transit,2014.0,0.10705683,0.0018878
837,Kepler-87 b,1,Transit,2013.0,1.204,1.02
838,Kepler-87 c,1,Transit,2013.0,0.548,0.02
839,Kepler-9 b,1,Transit,2010.0,0.73556963,0.13763281
840,Kepler-9 c,1,Transit,2010.0,0.7404764,0.09407545
841,Kepler-9 d,1,Transit,2010.0,0.13444577,0.026473
842,Kepler-91 b,1,Transit,2013.0,1.3755,0.785
843,Kepler-92 b,1,Transit,2013.0,0.32172466,0.13142121
844,Kepler-92 c,1,Transit,2013.0,0.22537658,0.029480270000000003
845,Kepler-92 d,1,Transit,2015.0,0.18395964,0.0373364
846,Kepler-93 b,1,Transit,2014.0,0.13292928,0.012302174999999999
847,Kepler-94 b,1,Transit,2014.0,0.29232858500000003,0.034299640000000006
848,Kepler-95 b,1,Transit,2014.0,0.29145108,0.036580565
849,Kepler-96 b,1,Transit,2014.0,0.22485262,0.033900175
850,Kepler-97 b,1,Transit,2014.0,0.138397305,0.01083348
851,Kepler-98 b,1,Transit,2014.0,0.172415255,0.00872515
852,Kepler-99 b,2,Transit,2014.0,0.14682804500000002,0.0154869
853,L 168-9 b,1,Transit,2020.0,0.13471329999999998,0.0136394
854,L 98-59 b,1,Transit,2019.0,0.07467227,0.00141586
855,L 98-59 c,1,Transit,2019.0,0.11999296500000001,0.0069849
856,L 98-59 d,1,Transit,2019.0,0.14060154,0.00610392
857,LHS 1140 b,1,Transit,2017.0,0.14996890000000002,0.020498429999999998
858,LHS 1140 c,1,Transit,2018.0,0.112499075,0.00582074
859,LHS 1478 b,1,Transit,2021.0,0.11080401,0.007331
860,LHS 1678 b,2,Transit,2021.0,0.06209307,0.00110122
861,LHS 1678 c,2,Transit,2021.0,0.08760832,0.00440489
862,LHS 1815 b,1,Transit,2020.0,0.097064945,0.01617218
863,LHS 1903 b,1,Transit,2026.0,0.12329399,0.01032003
864,LHS 1903 c,1,Transit,2026.0,0.18253221,0.0143159
865,LHS 1903 d,1,Transit,2026.0,0.22303545,0.01875226
866,LHS 1903 e,1,Transit,2026.0,0.15451896,0.01821738
867,LHS 3844 b,1,Transit,2019.0,0.11472943,0.00745685
868,LP 714-47 b,1,Transit,2020.0,0.41930591,0.09690715
869,LP 791-18 c,1,Transit,2019.0,0.22035902,0.0223391
870,LP 791-18 d,1,Transit,2023.0,0.09206903,0.0028474499999999996
871,LP 890-9 b,1,Transit,2022.0,0.11776272,0.04153184
872,LP 890-9 c,1,Transit,2022.0,0.12195578,0.0796027
873,LTT 1445 A b,3,Transit,2019.0,0.121331175,0.00794454
874,LTT 1445 A c,3,Transit,2022.0,0.10232866,0.0043105
875,LTT 3780 b,2,Transit,2020.0,0.11820879,0.00774003
876,LTT 3780 c,2,Transit,2020.0,0.21054546000000002,0.02369203
877,LTT 9779 b,1,Transit,2020.0,0.42109056,0.092250805
878,Lupus-TR-3 b,1,Transit,2007.0,0.89,0.81
879,MASCARA-1 b,1,Transit,2017.0,1.5,3.7
880,MASCARA-4 b,2,Transit,2020.0,1.5225,2.3875
881,NGTS-1 b,1,Transit,2017.0,1.33,0.812
882,NGTS-10 b,1,Transit,2020.0,1.205,2.162
883,NGTS-11 b,1,Transit,2020.0,0.817,0.344
884,NGTS-12 b,1,Transit,2020.0,1.048,0.208
885,NGTS-13 b,1,Transit,2021.0,1.142,4.84
886,NGTS-14 A b,2,Transit,2021.0,0.444,0.092
887,NGTS-15 b,1,Transit,2021.0,1.1,0.751
888,NGTS-16 b,1,Transit,2021.0,1.3,0.667
889,NGTS-17 b,1,Transit,2021.0,1.24,0.764
890,NGTS-18 b,1,Transit,2021.0,1.21,0.409
891,NGTS-2 b,1,Transit,2018.0,1.595,0.74
892,NGTS-20 b,1,Transit,2022.0,1.07,2.98
893,NGTS-21 b,1,Transit,2022.0,1.33,2.36
894,NGTS-23 b,1,Transit,2022.0,1.267,0.613
895,NGTS-24 b,1,Transit,2022.0,1.214,0.52
896,NGTS-25 b,1,Transit,2022.0,1.023,0.639
897,NGTS-26 b,1,Transit,2024.0,1.328,0.292
898,NGTS-27 b,1,Transit,2024.0,1.396,0.593
899,NGTS-3 A b,2,Transit,2018.0,1.48,2.38
900,NGTS-30 b,1,Transit,2024.0,0.928,0.96
901,NGTS-31 b,1,Transit,2025.0,1.61,1.12
902,NGTS-32 b,1,Transit,2025.0,1.42,0.57
903,NGTS-33 b,1,Transit,2024.0,1.64,3.63
904,NGTS-34 b,1,Transit,2025.0,0.32563175,0.06009532
905,NGTS-35 b,1,Transit,2025.0,0.97243454,0.47824548
906,NGTS-4 b,1,Transit,2019.0,0.2837006,0.06481452
907,NGTS-5 b,1,Transit,2019.0,1.136,0.229
908,NGTS-6 b,1,Transit,2019.0,1.326,1.339
909,NGTS-8 b,1,Transit,2019.0,1.09,0.93
910,NGTS-9 b,1,Transit,2019.0,1.07,2.9
911,OGLE-TR-10 b,1,Transit,2004.0,1.25,0.63
912,OGLE-TR-111 b,1,Transit,2004.0,1.031,0.535
913,OGLE-TR-113 b,1,Transit,2004.0,1.09,1.26
914,OGLE-TR-132 b,1,Transit,2004.0,1.2,1.17
915,OGLE-TR-182 b,1,Transit,2007.0,1.47,1.06
916,OGLE-TR-211 b,1,Transit,2007.0,1.262,0.75
917,OGLE-TR-56 b,1,Transit,2002.0,1.3,1.3
918,OGLE2-TR-L9 b,1,Transit,2008.0,1.614,4.4
919,PDS 70 b,1,Imaging,2018.0,1.96,3.2
920,PDS 70 c,1,Imaging,2019.0,2.01,4.75
921,PH1 b,4,Transit,2012.0,0.551,0.531
922,PH2 b,1,Transit,2013.0,0.84664255,0.34235455
923,POTS-1 b,1,Transit,2013.0,0.941,2.31
924,Qatar-1 b,1,Transit,2010.0,1.1535,1.2934999999999999
925,Qatar-10 b,1,Transit,2019.0,1.543,0.736
926,Qatar-2 b,1,Transit,2011.0,1.15,2.487
927,Qatar-3 b,1,Transit,2017.0,1.096,4.31
928,Qatar-4 b,1,Transit,2017.0,1.135,6.1
929,Qatar-5 b,1,Transit,2017.0,1.107,4.32
930,Qatar-6 b,2,Transit,2017.0,1.113,0.6755
931,Qatar-7 b,1,Transit,2019.0,1.7,1.88
932,Qatar-8 b,1,Transit,2019.0,1.285,0.371
933,Qatar-9 b,1,Transit,2019.0,1.009,1.19
934,Ross 176 b,1,Transit,2025.0,0.16415409,0.01437883
935,Ross 458 c,2,Imaging,2010.0,1.25,6.0
936,SWEEPS-11 b,1,Transit,2006.0,1.13,9.7
937,SWEEPS-4 b,1,Transit,2006.0,0.81,3.8
938,TIC 139270665 b,1,Transit,2024.0,0.645,0.463
939,TIC 147027702 b,1,Transit,2026.0,0.975,1.09
940,TIC 172900988 b,2,Transit,2021.0,1.00321343,2.69862599
941,TIC 183374187 b,1,Transit,2026.0,1.252,0.56
942,TIC 237913194 b,1,Transit,2020.0,1.117,1.942
943,TIC 241249530 b,2,Transit,2024.0,1.186,4.98
944,TIC 245076932 b,1,Transit,2026.0,0.97,0.51
945,TIC 257060897 b,1,Transit,2021.0,1.5150000000000001,0.652
946,TIC 279401253 b,1,Transit,2023.0,1.0,6.14
947,TIC 365102760 b,1,Transit,2024.0,0.55402005,0.06040996
948,TIC 393818343 b,2,Transit,2024.0,1.087,4.34
949,TIC 46432937 b,1,Transit,2024.0,1.188,3.2
950,TIC 4672985 b,1,Transit,2024.0,1.026,12.74
951,TIC 87422071 b,1,Transit,2026.0,0.969,1.29
952,TOI-1011 b,1,Transit,2025.0,0.12936056,0.01271126
953,TOI-1052 b,1,Transit,2023.0,0.25604469,0.05317335
954,TOI-1062 b,1,Transit,2021.0,0.20207011,0.03193547
955,TOI-1064 b,1,Transit,2022.0,0.23079708,0.04247575
956,TOI-1064 c,1,Transit,2022.0,0.23650679,0.00786588
957,TOI-1075 b,1,Transit,2022.0,0.15978259,0.0313062
958,TOI-1080 b,1,Transit,2026.0,0.10705701,0.03366596
959,TOI-1107 b,1,Transit,2022.0,1.3,3.35
960,TOI-1117 b,1,Transit,2025.0,0.21946688,0.02800253
961,TOI-1130 b,1,Transit,2020.0,0.32206318,0.061479715000000004
962,TOI-1130 c,1,Transit,2020.0,1.344166425,0.99936767
963,TOI-1135 b,1,Transit,2024.0,0.845,0.1735
964,TOI-1136 b,1,Transit,2022.0,0.16950694,0.09753691
965,TOI-1136 c,1,Transit,2022.0,0.24707713,0.02391227
966,TOI-1136 d,1,Transit,2022.0,0.41227248,0.03870013
967,TOI-1136 e,1,Transit,2022.0,0.22710987,0.07551244
968,TOI-1136 f,1,Transit,2022.0,0.33329657,0.10068326
969,TOI-1136 g,1,Transit,2022.0,0.22571187,0.03838549
970,TOI-1173 b,2,Transit,2024.0,0.8122688199999999,0.0876259
971,TOI-1174 b,1,Transit,2024.0,0.22361225,0.10068326
972,TOI-1180 b,1,Transit,2024.0,0.27086979,0.03146352
973,TOI-1181 b,1,Transit,2022.0,1.44496987,1.18
974,TOI-1184 b,1,Transit,2024.0,0.21498325,0.02139519
975,TOI-1194 b,1,Transit,2023.0,0.772324165,0.41678111
976,TOI-1199 b,1,Transit,2024.0,0.938,0.239
977,TOI-1201 b,2,Transit,2021.0,0.21545224,0.01975909
978,TOI-1203 b,1,Radial Velocity,2025.0,0.13560555,0.0110437
979,TOI-1203.01,1,Transit,2021.0,0.26032697,0.02325154
980,TOI-1221 b,1,Transit,2023.0,0.25961326,3.5
981,TOI-1231 b,1,Transit,2021.0,0.32563175,0.04845382
982,TOI-1232 b,1,Transit,2026.0,0.975,0.694
983,TOI-1235 b,1,Transit,2020.0,0.15112882,0.02104909
984,TOI-1238 b,1,Transit,2022.0,0.10794916,0.01183028
985,TOI-1238 c,1,Transit,2022.0,0.18824192,0.02617765
986,TOI-1243 b,1,Transit,2026.0,0.20786903,0.02422691
987,TOI-1244 b,1,Transit,2024.0,0.21198309,0.02076592
988,TOI-1246 b,1,Transit,2022.0,0.26853468,0.02548545
989,TOI-1246 c,1,Transit,2022.0,0.22130016000000002,0.02815985
990,TOI-1246 d,1,Transit,2022.0,0.30963553,0.016832979999999997
991,TOI-1246 e,1,Transit,2022.0,0.32537247,0.046094054999999995
992,TOI-1248 b,1,Transit,2024.0,0.60741347,0.08621004
993,TOI-1249 b,1,Transit,2024.0,0.29182226,0.03744159
994,TOI-125 b,1,Transit,2019.0,0.24319743,0.02989019
995,TOI-125 c,1,Transit,2019.0,0.24614149,0.02086021
996,TOI-125 d,1,Transit,2020.0,0.26139709,0.04279017
997,TOI-1259 A b,2,Transit,2021.0,1.028442235,0.442317805
998,TOI-1260 b,1,Transit,2021.0,0.211883675,0.0269957
999,TOI-1260 c,1,Transit,2021.0,0.248907555,0.039329395
1000,TOI-1260 d,1,Transit,2022.0,0.27834824,0.03725281
1001,TOI-1266 b,1,Transit,2020.0,0.22205408999999998,0.028254135
1002,TOI-1266 c,1,Transit,2020.0,0.162949695,0.009517715
1003,TOI-1268 b,1,Transit,2022.0,0.81184902,0.30330832
1004,TOI-1269 b,1,Transit,2024.0,0.21424275,0.02013665
1005,TOI-1272 b,1,Transit,2022.0,0.36899203,0.08117588
1006,TOI-1273 b,1,Transit,2024.0,0.99,0.222
1007,TOI-1278 b,1,Transit,2021.0,1.09,18.5
1008,TOI-1279 b,1,Transit,2024.0,0.23744044,0.03335133
1009,TOI-1288 b,1,Transit,2022.0,0.45536993000000003,0.13545045
1010,TOI-1294 b,1,Transit,2024.0,0.90317747,0.20105188
1011,TOI-1295 b,1,Transit,2024.0,1.4,1.42
1012,TOI-1296 b,1,Transit,2021.0,1.24519415,0.298923665
1013,TOI-1298 b,1,Transit,2021.0,0.851318405,0.33374441499999996
1014,TOI-132 b,1,Transit,2020.0,0.30511196,0.07047793
1015,TOI-1333 b,2,Transit,2021.0,1.396,2.37
1016,TOI-1338 b,2,Transit,2020.0,0.647308035,0.069664545
1017,TOI-1347 b,1,Transit,2024.0,0.161225495,0.036655
1018,TOI-1347 c,1,Transit,2024.0,0.14620469000000003,0.024226909999999997
1019,TOI-1386 b,1,Transit,2024.0,0.547294905,0.14605146
1020,TOI-1408 b,1,Transit,2023.0,1.865177225,1.777893325
1021,TOI-1408 c,1,Transit Timing Variations,2024.0,0.19805548,0.02391227
1022,TOI-1410.01,1,Transit,2024.0,0.27663801,0.0393294
1023,TOI-1411 b,1,Transit,2022.0,0.10695049,0.0062927
1024,TOI-1416 b,1,Transit,2023.0,0.14452697,0.0109493
1025,TOI-1420 b,1,Transit,2023.0,1.06075658,0.07897343
1026,TOI-1422 b,1,Transit,2022.0,0.35121976,0.02989034
1027,TOI-1422 c,1,Radial Velocity,2025.0,0.232849,0.04404893
1028,TOI-1431 b,1,Transit,2021.0,1.49,3.12
1029,TOI-1437 b,1,Transit,2024.0,0.208525225,0.031463519999999995
1030,TOI-1438 b,1,Transit,2025.0,0.2712111,0.02957571
1031,TOI-1438 c,1,Transit,2025.0,0.24533899,0.03335133
1032,TOI-1439 b,1,Transit,2024.0,0.37851667,0.12113455
1033,TOI-1443 b,1,Transit,2024.0,0.20553252,0.09439056
1034,TOI-1444 b,1,Transit,2021.0,0.12649879,0.01126394
1035,TOI-1448 b,1,Transit,2024.0,0.24524978,0.06135386
1036,TOI-1450 A b,2,Transit,2024.0,0.10081202,0.00395811
1037,TOI-1451 b,1,Transit,2024.0,0.23297739,0.04782455
1038,TOI-1452 b,2,Transit,2022.0,0.14916611,0.01516542
1039,TOI-1453 b,2,Transit,2025.0,0.10464823,0.00729954
1040,TOI-1453 c,2,Transit,2025.0,0.19841233,0.00928174
1041,TOI-1467 b,1,Transit,2024.0,0.14952256,0.02831717
1042,TOI-1468 b,1,Transit,2022.0,0.11959160499999999,0.00983235
1043,TOI-1468 c,1,Transit,2022.0,0.1869037,0.01689591
1044,TOI-1470 b,1,Transit,2023.0,0.19448691,0.0230313
1045,TOI-1470 c,1,Transit,2023.0,0.22035902,0.02277959
1046,TOI-1472 b,1,Transit,2024.0,0.36654969,0.054457405
1047,TOI-1472 c,1,Radial Velocity,2025.0,0.298,0.067
1048,TOI-1478 b,1,Transit,2021.0,1.065,0.8654999999999999
1049,TOI-150.01,1,Transit,2019.0,1.3175,2.13
1050,TOI-1516 b,1,Transit,2022.0,1.36,3.16
1051,TOI-1518 b,1,Transit,2021.0,1.8765,2.065
1052,TOI-157 b,1,Transit,2020.0,1.286,1.18
1053,TOI-159 b,2,Transit,2026.0,1.622,3.49
1054,TOI-1601 b,1,Transit,2021.0,1.2528771,1.103819085
1055,TOI-163 b,1,Transit,2019.0,1.489,1.22
1056,TOI-1634 b,2,Transit,2021.0,0.15755224,0.019633235
1057,TOI-1648 b,1,Transit,2025.0,0.227,0.0233
1058,TOI-1669 c,1,Transit,2024.0,0.20487123,0.04090257
1059,TOI-1670 b,1,Transit,2022.0,0.18378121,0.13
1060,TOI-1670 c,1,Transit,2022.0,0.9784999999999999,0.604
1061,TOI-1685 b,1,Transit,2021.0,0.13096641,0.00972223
1062,TOI-169 b,1,Transit,2020.0,1.086,0.791
1063,TOI-1691 b,1,Transit,2024.0,0.31805307,0.04593674
1064,TOI-1694 b,1,Transit,2023.0,0.48096374,0.090300295
1065,TOI-1695 b,1,Transit,2022.0,0.17530585999999998,0.01865787
1066,TOI-1696 b,1,Transit,2022.0,0.282362875,0.16581274499999998
1067,TOI-1710 b,2,Transit,2022.0,0.46419489,0.07047828
1068,TOI-172 b,1,Transit,2019.0,0.965,5.42
1069,TOI-1723 b,1,Transit,2024.0,0.29369844,0.03272206
1070,TOI-1728 b,1,Transit,2020.0,0.45053082,0.08425888
1071,TOI-1736 b,1,Transit,2023.0,0.27210324,0.03870013
1072,TOI-1742 b,1,Transit,2024.0,0.21099831,0.03051961
1073,TOI-1749 b,1,Transit,2021.0,0.12400771,0.17934206
1074,TOI-1749 c,1,Transit,2021.0,0.18913406,0.04404893
1075,TOI-1749 d,1,Transit,2021.0,0.22481973,0.04719528
1076,TOI-1751 b,1,Transit,2024.0,0.25518754,0.053487980000000004
1077,TOI-1753 b,1,Transit,2024.0,0.2211196,0.05222944
1078,TOI-1758 b,1,Transit,2024.0,0.3173677,0.02170983
1079,TOI-1759 b,1,Transit,2022.0,0.279,0.0339806
1080,TOI-1774.01,1,Transit,2021.0,0.24801541,0.02674399
1081,TOI-1775 b,1,Transit,2024.0,0.71793227,0.30204978
1082,TOI-1776 b,1,Transit,2024.0,0.10849581,0.00440489
1083,TOI-178 b,1,Transit,2021.0,0.104915785,0.00387
1084,TOI-178 c,1,Transit,2021.0,0.15268994,0.014803545000000001
1085,TOI-178 d,1,Transit,2021.0,0.23494534,0.01291575
1086,TOI-178 e,1,Transit,2021.0,0.201088585,0.011547080000000001
1087,TOI-178 f,1,Transit,2021.0,0.20983157,0.021001835
1088,TOI-178 g,1,Transit,2021.0,0.25912236,0.013120255
1089,TOI-1789 b,1,Transit,2021.0,1.44,0.7
1090,TOI-1794 b,1,Transit,2024.0,0.29414028,0.02737326
1091,TOI-1798.01,1,Transit,2024.0,0.21278168,0.02045129
1092,TOI-1798.02,1,Transit,2024.0,0.12484546,0.01761957
1093,TOI-1799 b,1,Transit,2024.0,0.12689725,0.01258541
1094,TOI-1801 b,2,Transit,2023.0,0.1804575,0.0341977
1095,TOI-1803 b,1,Transit,2025.0,0.26675039,0.03247035
1096,TOI-1803 c,1,Transit,2025.0,0.38272882,0.02517081
1097,TOI-1807 b,1,Transit,2021.0,0.127880305,0.00788161
1098,TOI-181 b,1,Transit,2023.0,0.6339,0.1452
1099,TOI-1811 b,1,Transit,2023.0,0.994,0.972
1100,TOI-1820 b,1,Transit,2022.0,1.14,2.3
1101,TOI-1823 b,1,Transit,2024.0,0.67273058,0.21206412
1102,TOI-1824 b,1,Transit,2024.0,0.24478826,0.05034163
1103,TOI-1836 b,1,Transit,2024.0,0.73874312,0.092
1104,TOI-1836 c,1,Transit,2024.0,0.23194578,0.02517081
1105,TOI-1842 b,1,Transit,2021.0,1.06,0.214
1106,TOI-1853 b,1,Transit,2023.0,0.30868106,0.23031296
1107,TOI-1855 b,1,Transit,2024.0,1.65,1.133
1108,TOI-1898 b,1,Transit,2024.0,0.8521073450000001,0.436439695
1109,TOI-1899 b,1,Transit,2020.0,1.0699999999999998,0.665
1110,TOI-1937 A b,2,Transit,2023.0,1.247,2.01
1111,TOI-198 b,1,Transit,2023.0,0.12133128,0.00997394
1112,TOI-199 b,1,Transit,2023.0,0.81,0.17
1113,TOI-1994 b,1,Transit,2024.0,1.22,22.1
1114,TOI-2000 b,1,Transit,2023.0,0.241,0.0347
1115,TOI-2000 c,1,Transit,2023.0,0.727,0.257
1116,TOI-2005 b,1,Transit,2025.0,1.07,6.4
1117,TOI-201 b,1,Transit,2021.0,1.01704163,0.51600171
1118,TOI-201 c,1,Transit Timing Variations,2025.0,0.960413725,14.950147895
1119,TOI-201 d,1,Transit,2026.0,0.12400771,0.01824884
1120,TOI-2010 b,1,Transit,2023.0,1.054,1.286
1121,TOI-2015 b,1,Transit,2023.0,0.29860485999999997,0.040273305
1122,TOI-2018 b,1,Transit,2023.0,0.20233776,0.02894644
1123,TOI-2019 b,1,Transit,2024.0,0.47575721,0.1082345
1124,TOI-2025 b,1,Transit,2022.0,1.089,4.0
1125,TOI-2031 A b,2,Transit,2025.0,1.267,0.8
1126,TOI-2046 b,1,Transit,2022.0,1.44,2.3
1127,TOI-2076 b,1,Transit,2021.0,0.2391219,0.03586841
1128,TOI-2076 c,1,Transit,2021.0,0.322706235,0.09785154
1129,TOI-2076 d,1,Transit,2021.0,0.29890664,0.057106285
1130,TOI-2076 e,1,Transit,2025.0,0.11606765,0.01478785
1131,TOI-2088 b,1,Transit,2024.0,0.32858634,0.11641502
1132,TOI-2093 c,1,Transit,2025.0,0.20519261,0.04971236
1133,TOI-2095 b,1,Transit,2023.0,0.11151772,0.01290004
1134,TOI-2095 c,1,Transit,2023.0,0.11865486,0.023283
1135,TOI-2107 b,1,Transit,2024.0,1.211,0.83
1136,TOI-2109 b,1,Transit,2021.0,1.347,5.02
1137,TOI-2120 b,1,Transit,2024.0,0.18931249,0.02139519
1138,TOI-2128 b,1,Transit,2024.0,0.18634597,0.01415858
1139,TOI-2134 b,1,Transit,2023.0,0.23998614,0.02872619
1140,TOI-2134 c,1,Transit,2023.0,0.646793535,0.15590034
1141,TOI-2136 b,1,Transit,2022.0,0.19537905,0.02004226
1142,TOI-2141 b,1,Transit,2023.0,0.27937851,0.06912083499999999
1143,TOI-2145 b,1,Transit,2023.0,1.092,5.55960374
1144,TOI-2152 A b,3,Transit,2023.0,1.281,2.83
1145,TOI-2154 b,1,Transit,2023.0,1.453,0.92
1146,TOI-2158 b,1,Transit,2022.0,0.96,0.82
1147,TOI-216.01,1,Transit,2019.0,0.9541447700000001,0.59463361
1148,TOI-216.02,1,Transit,2019.0,0.6998846350000001,0.07669503999999999
1149,TOI-2169 A b,2,Transit,2025.0,1.116,1.037
1150,TOI-2180 b,1,Transit,2022.0,1.01,2.755
1151,TOI-2184 b,1,Transit,2022.0,1.017,0.65
1152,TOI-2193 A b,2,Transit,2022.0,1.77,0.94
1153,TOI-2196 b,1,Transit,2022.0,0.31314176,0.08180515
1154,TOI-220 b,1,Transit,2021.0,0.27031896,0.04341966
1155,TOI-2202 b,1,Transit,2021.0,0.9935,0.9410000000000001
1156,TOI-2207 b,1,Transit,2022.0,0.995,0.64
1157,TOI-2236 b,1,Transit,2022.0,1.282,1.58
1158,TOI-2285 b,1,Transit,2021.0,0.15523267,0.06135386
1159,TOI-2295 b,1,Transit,2024.0,1.47,0.875
1160,TOI-2322 b,1,Transit,2025.0,0.08867889,0.00726807
1161,TOI-2322 c,1,Transit,2025.0,0.16718737,0.05694897
1162,TOI-2328 b,1,Transit,2025.0,0.89,0.16
1163,TOI-2337 b,1,Transit,2022.0,0.9,1.6
1164,TOI-2338 b,1,Transit,2023.0,1.0,5.98
1165,TOI-2345 b,1,Transit,2025.0,0.13417812,0.01098077
1166,TOI-2345 c,1,Transit,2025.0,0.21866395,0.02287398
1167,TOI-2346 b,1,Transit,2025.0,1.438,1.24
1168,TOI-2364 b,1,Transit,2023.0,0.768,0.225
1169,TOI-2368 b,1,Transit,2024.0,0.967,0.65
1170,TOI-2373 b,1,Transit,2023.0,0.93,9.3
1171,TOI-2374 b,2,Transit,2024.0,0.637774275,0.186104685
1172,TOI-2379 b,1,Transit,2024.0,1.046,5.76
1173,TOI-238 b,1,Transit,2024.0,0.13208159,0.010650405
1174,TOI-238 c,1,Radial Velocity,2024.0,0.19448691,0.02108056
1175,TOI-2382 b,1,Transit,2025.0,1.093,0.74
1176,TOI-2384 b,1,Transit,2024.0,1.025,1.966
1177,TOI-2406 b,1,Transit,2021.0,0.25515255,0.04908309
1178,TOI-2416 b,1,Transit,2023.0,0.88,3.0
1179,TOI-2420 b,1,Transit,2024.0,1.34,0.927
1180,TOI-2421 b,1,Transit,2022.0,0.925,0.333
1181,TOI-2431 b,1,Transit,2026.0,0.13685455,0.01950738
1182,TOI-244 b,1,Transit,2023.0,0.13560555,0.00843222
1183,TOI-2443 b,1,Transit,2023.0,0.2108131,0.01510249
1184,TOI-2447 b,1,Transit,2024.0,0.857,0.393
1185,TOI-2449 b,1,Transit,2025.0,1.002,0.7
1186,TOI-2458 b,1,Transit,2024.0,0.25247612,0.04187794
1187,TOI-2485 b,1,Transit,2024.0,1.083,2.412
1188,TOI-2497 b,1,Transit,2023.0,0.994,4.82
1189,TOI-2498 b,1,Transit,2023.0,0.54063792,0.1089267
1190,TOI-251 b,1,Transit,2021.0,0.24444643,1.0
1191,TOI-2524 b,1,Transit,2023.0,1.0,0.64
1192,TOI-2525 b,1,Transit,2023.0,0.774,0.084
1193,TOI-2525 c,1,Transit,2023.0,0.904,0.657
1194,TOI-2529 b,1,Transit,2024.0,1.03,2.34
1195,TOI-2537 b,1,Transit,2024.0,1.004,1.307
1196,TOI-2567 b,1,Transit,2022.0,0.975,0.201
1197,TOI-257 b,1,Transit,2021.0,0.639,0.138
1198,TOI-2570 b,1,Transit,2022.0,1.217,0.82
1199,TOI-2580 b,1,Transit,2024.0,1.55,0.63
1200,TOI-2583 A b,2,Transit,2023.0,1.29,0.25
1201,TOI-2587 A b,2,Transit,2023.0,1.077,0.218
1202,TOI-2589 b,1,Transit,2023.0,1.08,3.5
1203,TOI-260 b,1,Transit,2024.0,0.141980615,0.011846015
1204,TOI-2641 b,1,Transit,2023.0,1.615,0.386
1205,TOI-2669 b,1,Transit,2022.0,1.76,0.61
1206,TOI-269 b,1,Transit,2021.0,0.24712327,0.0276879
1207,TOI-270 b,1,Transit,2019.0,0.11419415,0.004672330000000001
1208,TOI-270 c,1,Transit,2019.0,0.20898421,0.01942872
1209,TOI-270 d,1,Transit,2019.0,0.1843611,0.01412712
1210,TOI-2714 b,1,Transit,2024.0,1.22401852,0.71736822
1211,TOI-2796 b,1,Transit,2023.0,1.54,0.44
1212,TOI-2803 A b,2,Transit,2023.0,1.616,0.975
1213,TOI-2818 b,1,Transit,2023.0,1.363,0.71
1214,TOI-283 b,1,Transit,2025.0,0.20876118,0.02057714
1215,TOI-2842 b,1,Transit,2023.0,1.146,0.37
1216,TOI-286 b,1,Transit,2024.0,0.12668413,0.01425297
1217,TOI-286 c,1,Transit,2024.0,0.16772265,0.01170443
1218,TOI-2876 b,1,Transit,2025.0,0.86,0.17
1219,TOI-2886 b,1,Transit,2025.0,1.663,1.4
1220,TOI-2969 b,1,Transit,2025.0,1.1,1.16
1221,TOI-2977 b,1,Transit,2023.0,1.174,1.68
1222,TOI-2981 b,1,Transit,2024.0,1.19546999,2.00737249
1223,TOI-2986 b,1,Transit,2025.0,0.829,0.304
1224,TOI-2989 b,1,Transit,2025.0,1.12,3.0
1225,TOI-2992 b,1,Transit,2025.0,1.227,3.33
1226,TOI-3023 b,1,Transit,2023.0,1.466,0.62
1227,TOI-3071 b,1,Transit,2024.0,0.63877351,0.2145812
1228,TOI-3135 b,1,Transit,2025.0,1.218,1.03
1229,TOI-3160 A b,2,Transit,2025.0,1.228,1.19
1230,TOI-3235 b,1,Transit,2023.0,1.017,0.665
1231,TOI-3261 b,1,Transit,2024.0,0.34079816,0.09533446
1232,TOI-3288 b,2,Transit,2025.0,1.046,1.8984999999999999
1233,TOI-329 b,1,Transit,2024.0,0.44076962,0.12711262
1234,TOI-332 b,1,Transit,2023.0,0.28548537,0.17997133
1235,TOI-3321 b,1,Transit,2024.0,1.388,0.554
1236,TOI-333 b,1,Transit,2025.0,0.3800524,0.06324167
1237,TOI-3331 A b,2,Transit,2022.0,1.158,2.27
1238,TOI-3362 b,1,Transit,2021.0,1.142,5.029
1239,TOI-3364 b,1,Transit,2023.0,1.091,1.67
1240,TOI-3457 b,1,Transit,2026.0,0.949,2.51
1241,TOI-3464 b,1,Transit,2025.0,1.228,1.25
1242,TOI-3474 b,1,Transit,2025.0,1.309,0.61
1243,TOI-3486 b,1,Transit,2025.0,0.943,0.312
1244,TOI-3493 b,1,Transit,2025.0,0.28726965,0.02822278
1245,TOI-3523 A b,3,Transit,2025.0,1.425,1.37
1246,TOI-3540 A b,2,Transit,2022.0,2.1,1.18
1247,TOI-3568 b,1,Transit,2024.0,0.483,0.083
1248,TOI-3593 b,1,Transit,2025.0,0.984,1.78
1249,TOI-3629 b,1,Transit,2022.0,0.74,0.2515
1250,TOI-3682 b,1,Transit,2025.0,1.142,0.218
1251,TOI-3688 A b,2,Transit,2023.0,1.167,0.98
1252,TOI-3693 b,1,Transit,2022.0,1.124,1.02
1253,TOI-3714 b,2,Transit,2022.0,1.01,0.689
1254,TOI-375 b,1,Transit,2026.0,0.961,0.745
1255,TOI-3757 b,1,Transit,2022.0,1.07057014,0.26838381
1256,TOI-3785 b,1,Transit,2023.0,0.45856088,0.04703796
1257,TOI-3807 b,1,Transit,2023.0,1.65,1.04
1258,TOI-3819 b,1,Transit,2023.0,1.172,1.11
1259,TOI-3837 b,1,Transit,2025.0,0.97,0.59
1260,TOI-3856 b,1,Transit,2025.0,1.213,0.54
1261,TOI-3862 b,1,Transit,2026.0,0.493,0.1688
1262,TOI-3877 b,1,Transit,2025.0,1.042,0.314
1263,TOI-3884 b,1,Transit,2022.0,0.5544661150000001,0.07722721
1264,TOI-3894 b,1,Transit,2024.0,1.358,0.85
1265,TOI-3912 b,1,Transit,2023.0,1.274,0.406
1266,TOI-3919 b,1,Transit,2024.0,1.099,3.88
1267,TOI-3976 A b,2,Transit,2023.0,1.095,0.175
1268,TOI-3980 b,1,Transit,2025.0,1.29,0.59
1269,TOI-3984 A b,2,Transit,2023.0,0.71,0.14
1270,TOI-4010 b,1,Transit,2023.0,0.26942682,0.03460987
1271,TOI-4010 c,1,Transit,2023.0,0.52904008,0.06390241
1272,TOI-4010 d,1,Transit,2023.0,0.55134362,0.12003332
1273,TOI-406 c,1,Transit,2024.0,0.11776272,0.00654441
1274,TOI-406.01,1,Transit,2024.0,0.18556549,0.02067153
1275,TOI-4087 b,1,Transit,2023.0,1.164,0.73
1276,TOI-411 b,1,Transit,2022.0,0.12150971,0.04313648
1277,TOI-411 c,1,Transit,2022.0,0.20769061,0.03058254
1278,TOI-4127 b,1,Transit,2023.0,1.088,2.32
1279,TOI-4137 b,1,Transit,2022.0,1.211,1.44
1280,TOI-4145 A b,2,Transit,2023.0,1.187,0.43
1281,TOI-4153 b,1,Transit,2024.0,1.438,1.15
1282,TOI-4201 b,1,Transit,2023.0,1.161,2.58
1283,TOI-421 b,2,Transit,2020.0,0.23730951,0.021819895
1284,TOI-421 c,2,Transit,2020.0,0.454099775,0.048013200000000006
1285,TOI-4214 b,1,Transit,2025.0,0.953,0.52
1286,TOI-431 b,1,Transit,2021.0,0.11419415,0.0096593
1287,TOI-431 d,1,Transit,2021.0,0.29351465,0.03114888
1288,TOI-4311 b,1,Transit,2026.0,0.12275871,0.01415858
1289,TOI-4311 c,1,Transit,2026.0,0.22035902,0.04272746
1290,TOI-4329 b,1,Transit,2022.0,1.5,0.45
1291,TOI-4336 A b,3,Transit,2024.0,0.1906507,0.01047735
1292,TOI-4336 A c,3,Transit,2026.0,0.11160694,0.00487685
1293,TOI-4342 b,1,Transit,2023.0,0.20777982,0.02296837
1294,TOI-4342 c,1,Transit,2023.0,0.2095641,0.01510249
1295,TOI-4377 b,1,Transit,2023.0,1.348,0.957
1296,TOI-4379 b,1,Transit,2024.0,1.489,1.113
1297,TOI-4406 b,1,Transit,2023.0,1.0,0.3
1298,TOI-4438 b,1,Transit,2024.0,0.22481973,0.0169903
1299,TOI-4463 A b,2,Transit,2023.0,1.183,0.794
1300,TOI-4465 b,1,Transit,2025.0,1.25,5.89
1301,TOI-4487 A b,2,Transit,2025.0,1.303,1.25
1302,TOI-4495 b,1,Transit,2026.0,0.2215188,0.02422691
1303,TOI-4495 c,1,Transit,2024.0,0.35953314,0.07299536
1304,TOI-4504 c,1,Transit,2024.0,0.99,3.7672
1305,TOI-4507 b,1,Transit,2025.0,0.72827813,0.15146352
1306,TOI-451 b,2,Transit,2020.0,0.16415409,0.01478785
1307,TOI-451 c,2,Transit,2020.0,0.26139754,0.0116415
1308,TOI-451 d,2,Transit,2020.0,0.35061172,0.03209279
1309,TOI-4515 b,1,Transit,2024.0,1.086,2.005
1310,TOI-4529 b,1,Transit,2026.0,0.1579091,0.01541712
1311,TOI-4551 b,1,Transit,2023.0,1.058,1.49
1312,TOI-4552 b,1,Transit,2026.0,0.09902774,0.00575782
1313,TOI-4562 b,1,Transit,2023.0,1.118,2.3
1314,TOI-4582 b,1,Transit,2023.0,0.94,0.53
1315,TOI-4600 b,1,Transit,2023.0,0.607,3.02
1316,TOI-4600 c,1,Transit,2023.0,0.841,9.27
1317,TOI-4603 b,1,Transit,2023.0,1.042,12.89
1318,TOI-4633 c,2,Transit,2024.0,0.28548537,0.38700128
1319,TOI-4641 b,1,Transit,2023.0,0.73,3.87
1320,TOI-4666 b,1,Transit,2025.0,1.114,0.5945
1321,TOI-469.01,1,Transit,2021.0,0.304948925,0.02359764
1322,TOI-4734 b,1,Transit,2025.0,0.974,0.194
1323,TOI-4773 b,1,Transit,2025.0,1.358,5.31
1324,TOI-4791 b,1,Transit,2023.0,1.11,2.31
1325,TOI-4794 b,1,Transit,2025.0,1.281,0.97
1326,TOI-480 b,1,Transit,2024.0,0.2545923,0.06544412
1327,TOI-481 b,1,Transit,2020.0,0.99,1.53
1328,TOI-4860 b,1,Transit,2023.0,0.763,0.47150000000000003
1329,TOI-4914 b,1,Transit,2024.0,1.14818647,0.71422187
1330,TOI-4940 b,1,Transit,2025.0,0.58970572,0.28002532
1331,TOI-4961 b,1,Transit,2025.0,1.101,1.8
1332,TOI-4994 b,1,Transit,2024.0,0.762,0.28
1333,TOI-500 b,1,Transit,2022.0,0.10402373,0.00446782
1334,TOI-5005 b,1,Transit,2024.0,0.558,0.103
1335,TOI-5007 b,1,Transit,2026.0,0.988,0.664
1336,TOI-5027 b,1,Transit,2025.0,0.96,2.02
1337,TOI-5076 b,2,Transit,2024.0,0.29839268500000005,0.050570815
1338,TOI-5108 b,1,Transit,2025.0,0.58881358,0.10068326
1339,TOI-5110 b,1,Transit,2024.0,1.069,2.9
1340,TOI-512 b,1,Transit,2025.0,0.13738983,0.01123248
1341,TOI-5153 b,1,Transit,2022.0,1.06,3.26
1342,TOI-5181 A b,2,Transit,2025.0,1.191,1.04
1343,TOI-519 b,1,Transit,2021.0,1.059,0.525
1344,TOI-5205 b,1,Transit,2023.0,0.985,1.08
1345,TOI-521 b,1,Transit,2025.0,0.17664407,0.01667566
1346,TOI-5210 b,1,Transit,2025.0,0.957,0.258
1347,TOI-5218 b,1,Transit,2024.0,0.879,2.06715317
1348,TOI-5232 b,1,Transit,2024.0,1.14,2.34
1349,TOI-5261 b,1,Transit,2025.0,1.035,11.49
1350,TOI-5292 A b,1,Transit,2026.0,1.128,1.299
1351,TOI-5293 A b,2,Transit,2023.0,1.02,0.52
1352,TOI-530 b,1,Transit,2021.0,0.83,0.4
1353,TOI-5300 b,1,Transit,2025.0,0.88,0.6
1354,TOI-5301 b,1,Transit,2024.0,1.177,3.65
1355,TOI-532 b,1,Transit,2021.0,0.51922652,0.19350064
1356,TOI-5322 b,1,Transit,2025.0,1.482,0.579
1357,TOI-5340 b,1,Transit,2025.0,1.345,0.85
1358,TOI-5344 b,1,Transit,2023.0,0.9079999999999999,0.416
1359,TOI-5349 b,1,Transit,2026.0,0.91,0.4
1360,TOI-5350 b,1,Transit,2025.0,1.108,6.59
1361,TOI-5386 A b,2,Transit,2025.0,1.312,0.488
1362,TOI-5388.01,1,Transit,2024.0,0.08832204,0.00692197
1363,TOI-5398 b,1,Transit,2022.0,0.91890603,0.18469085
1364,TOI-5398 c,1,Transit,2023.0,0.31403391,0.03712695
1365,TOI-5422 b,1,Transit,2026.0,0.812,28.0
1366,TOI-544 b,1,Transit,2022.0,0.18003421,0.00909296
1367,TOI-5542 b,1,Transit,2022.0,1.009,1.32
1368,TOI-5573 b,1,Transit,2025.0,0.87,0.35
1369,TOI-558 b,1,Transit,2021.0,1.086,3.61
1370,TOI-559 b,1,Transit,2021.0,1.091,6.01
1371,TOI-5592 b,1,Transit,2025.0,1.53,0.899
1372,TOI-561 b,1,Transit,2020.0,0.12704088,0.0067017299999999995
1373,TOI-561 c,1,Transit,2020.0,0.259166965,0.019711895
1374,TOI-5616 b,1,Transit,2024.0,0.961,1.96332356
1375,TOI-5624 b,1,Transit,2026.0,0.20644161,0.02957571
1376,TOI-5624 c,1,Transit,2026.0,0.22071588,0.01510249
1377,TOI-5624 d,1,Transit,2026.0,0.31974361,0.01541712
1378,TOI-5624 e,1,Transit,2026.0,0.28967844,0.02800253
1379,TOI-5634 A b,2,Transit,2024.0,0.923,1.85005489
1380,TOI-564 b,1,Transit,2020.0,1.02,1.463
1381,TOI-5678 b,1,Transit,2023.0,0.43804161,0.06292704
1382,TOI-5688 A b,2,Transit,2024.0,0.92,0.39
1383,TOI-5720 b,1,Transit,2024.0,0.09724345,0.01352931
1384,TOI-5734 b,1,Transit,2026.0,0.18734977,0.0286318
1385,TOI-5786 b,2,Transit,2025.0,0.76188908,0.22968369
1386,TOI-5788 b,1,Transit,2026.0,0.13631926,0.01170443
1387,TOI-5788 c,1,Transit,2026.0,0.20269461,0.02013665
1388,TOI-5789 c,1,Transit,2026.0,0.25515255,0.01573176
1389,TOI-5795 b,1,Transit,2025.0,0.50138368,0.07444269
1390,TOI-5800 b,1,Transit,2025.0,0.22928044,0.03193547
1391,TOI-5817 b,2,Transit,2025.0,0.27477967,0.03240742
1392,TOI-5882 b,1,Transit,2025.0,1.0394999999999999,23.15
1393,TOI-5916 b,1,Transit,2026.0,1.013,0.713
1394,TOI-6008 b,1,Transit,2024.0,0.0918906,0.01258541
1395,TOI-6016 b,1,Transit,2024.0,1.22,1.17
1396,TOI-6029 b,1,Transit,2024.0,1.284,1.635
1397,TOI-6034 b,2,Transit,2024.0,1.063,0.798
1398,TOI-6038 A b,2,Transit,2025.0,0.57186288,0.24698862
1399,TOI-6041 b,1,Transit,2025.0,0.40592451,0.09092957
1400,TOI-6054.01,1,Transit,2024.0,0.23552543,0.0393294
1401,TOI-6054.02,1,Transit,2024.0,0.25158398,0.02926107
1402,TOI-6130 b,1,Transit,2024.0,1.28,1.05
1403,TOI-615 b,1,Transit,2023.0,1.693,0.435
1404,TOI-622 b,1,Transit,2023.0,0.824,0.303
1405,TOI-6255 b,1,Transit,2024.0,0.0962621,0.00453075
1406,TOI-628 b,1,Transit,2021.0,1.06,6.33
1407,TOI-6303 b,1,Transit,2025.0,1.034,7.84
1408,TOI-6324 b,1,Transit,2025.0,0.09447781,0.00368123
1409,TOI-6330 b,1,Transit,2025.0,0.972,10.0
1410,TOI-6383 A b,2,Transit,2024.0,1.008,1.04
1411,TOI-640 b,1,Transit,2021.0,1.7454999999999998,0.725
1412,TOI-6420 b,1,Transit,2025.0,1.065,8.2
1413,TOI-654.01,1,Transit,2024.0,0.21215132,0.02740472
1414,TOI-6628 b,1,Transit,2025.0,0.98,0.74
1415,TOI-663 b,1,Transit,2024.0,0.20251618,0.01400127
1416,TOI-663 c,1,Transit,2024.0,0.20162404,0.01148418
1417,TOI-663 d,1,Transit,2024.0,0.17129122,0.01636103
1418,TOI-6651 b,1,Transit,2024.0,0.45410017,0.19192746
1419,TOI-669 b,1,Transit,2023.0,0.231335255,0.031148885
1420,TOI-6692 b,1,Transit,2026.0,1.042,0.62
1421,TOI-6695 b,1,Transit,2025.0,0.85,0.21
1422,TOI-672 b,1,Transit,2023.0,0.47372729,0.16014931
1423,TOI-674 b,1,Transit,2021.0,0.46837443,0.0742539
1424,TOI-677 b,1,Transit,2020.0,1.17,1.2349999999999999
1425,TOI-6894 b,1,Transit,2025.0,0.855,0.168
1426,TOI-7041 b,1,Transit,2025.0,1.02,0.36
1427,TOI-7149 b,1,Transit,2025.0,1.18,0.705
1428,TOI-733 b,1,Transit,2023.0,0.17771464,0.01799713
1429,TOI-7510 b,1,Transit,2025.0,0.6535,0.04105
1430,TOI-7510 c,1,Transit,2025.0,0.9684999999999999,0.40764999999999996
1431,TOI-7510 d,1,Transit,2025.0,0.931,0.6849000000000001
1432,TOI-756 b,1,Transit,2025.0,0.25069184,0.03092864
1433,TOI-757 b,1,Transit,2024.0,0.22303545,0.03303669
1434,TOI-762 A b,2,Transit,2024.0,0.744,0.251
1435,TOI-763 b,1,Transit,2020.0,0.20340798,0.03080263
1436,TOI-763 c,1,Transit,2020.0,0.23463288,0.02932385
1437,TOI-771 b,1,Transit,2024.0,0.12133128,0.00777149
1438,TOI-776 b,1,Transit,2020.0,0.16272651999999999,0.01415855
1439,TOI-776 c,1,Transit,2020.0,0.181416875,0.019192704999999997
1440,TOI-778 b,1,Transit,2023.0,1.37,2.8
1441,TOI-782 b,1,Transit,2024.0,0.24391156,0.06009532
1442,TOI-784 b,1,Transit,2023.0,0.17218336,0.03042522
1443,TOI-815 b,2,Transit,2024.0,0.26228968,0.02391227
1444,TOI-815 c,2,Transit,2024.0,0.23374115,0.07393927
1445,TOI-824 b,1,Transit,2020.0,0.26104024,0.05810339
1446,TOI-836 b,1,Transit,2023.0,0.15202096,0.01425297
1447,TOI-836.01,1,Transit,2021.0,0.23079708,0.03020498
1448,TOI-837 b,1,Transit,2020.0,0.818,0.379
1449,TOI-849 b,1,Transit,2020.0,0.315996355,0.127253895
1450,TOI-858 B b,2,Transit,2023.0,1.255,1.1
1451,TOI-892 b,1,Transit,2020.0,1.07,0.95
1452,TOI-905 b,1,Transit,2020.0,1.171,0.667
1453,TOI-908 b,1,Transit,2023.0,0.28423637,0.05077268
1454,TOI-912 b,1,Transit,2025.0,0.17218336,0.01604639
1455,TOI-942 b,1,Transit,2020.0,0.403782675,1.32517069
1456,TOI-942 c,1,Transit,2020.0,0.47207601,1.30820722
1457,TOI-954 b,1,Transit,2020.0,0.852,0.174
1458,TOI-969 b,1,Transit,2022.0,0.2466772,0.0286318
1459,TRAPPIST-1 b,1,Transit,2016.0,0.09956302,0.00319982
1460,TRAPPIST-1 c,1,Transit,2016.0,0.09768936,0.00411543
1461,TRAPPIST-1 d,1,Transit,2016.0,0.070122285,0.00122078
1462,TRAPPIST-1 e,1,Transit,2017.0,0.08189847,0.00217728
1463,TRAPPIST-1 f,1,Transit,2017.0,0.09322882,0.00293868
1464,TRAPPIST-1 g,1,Transit,2017.0,0.10072281,0.00415633
1465,TRAPPIST-1 h,1,Transit,2017.0,0.06815957,0.0010335750000000001
1466,TYC 8998-760-1 c,1,Imaging,2020.0,1.1,6.0
1467,TrES-1 b,2,Transit,2004.0,1.08,0.752
1468,TrES-2 b,2,Transit,2006.0,1.224,1.204
1469,TrES-3 b,1,Transit,2007.0,1.312,1.91
1470,TrES-4 b,2,Transit,2007.0,1.783,0.897
1471,TrES-5 b,1,Transit,2011.0,1.206,1.79
1472,V1298 Tau b,3,Transit,2019.0,0.85375271,0.340608605
1473,V1298 Tau c,3,Transit,2019.0,0.45660401,0.127393925
1474,V1298 Tau d,3,Transit,2019.0,0.57828429,0.164439055
1475,V1298 Tau e,3,Transit,2019.0,0.89,1.01
1476,V2376 Ori b,1,Imaging,2025.0,7.78,20.0
1477,VHS J125601.92-125723.9 b,2,Imaging,2015.0,1.26,14.0
1478,WASP-1 b,2,Transit,2007.0,1.5035,0.904
1479,WASP-10 b,1,Transit,2008.0,1.08,3.16
1480,WASP-100 b,2,Transit,2014.0,1.69,2.0199999999999996
1481,WASP-101 b,1,Transit,2014.0,1.41,0.5
1482,WASP-102 b,1,Transit,2025.0,1.33,0.622
1483,WASP-103 b,1,Transit,2014.0,1.541,1.47
1484,WASP-104 b,2,Transit,2014.0,1.137,1.27
1485,WASP-105 b,1,Transit,2017.0,0.96,1.8
1486,WASP-106 b,1,Transit,2014.0,1.085,1.925
1487,WASP-107 b,1,Transit,2017.0,0.94060479,0.1195
1488,WASP-108 b,1,Transit,2020.0,1.284,0.892
1489,WASP-11 b,3,Transit,2008.0,0.99,0.53
1490,WASP-110 b,1,Transit,2021.0,1.2075,0.4985
1491,WASP-113 b,1,Transit,2016.0,1.409,0.475
1492,WASP-114 b,2,Transit,2016.0,1.339,1.769
1493,WASP-116 b,1,Transit,2025.0,1.22,0.64
1494,WASP-117 b,1,Transit,2014.0,1.021,0.2761
1495,WASP-118 b,1,Transit,2016.0,1.4169999999999998,0.517
1496,WASP-119 b,1,Transit,2016.0,1.4,1.23
1497,WASP-12 b,3,Transit,2008.0,1.825,1.41
1498,WASP-120 b,1,Transit,2016.0,1.473,4.85
1499,WASP-121 b,1,Transit,2016.0,1.753,1.17
1500,WASP-123 b,2,Transit,2016.0,1.318,0.899
1501,WASP-124 b,1,Transit,2016.0,1.2885,0.5885
1502,WASP-126 b,1,Transit,2016.0,0.96,0.28
1503,WASP-127 b,2,Transit,2016.0,1.3405,0.17235
1504,WASP-129 b,2,Transit,2016.0,0.93,1.0
1505,WASP-13 b,1,Transit,2009.0,1.407,0.5
1506,WASP-130 b,1,Transit,2016.0,0.935,1.24
1507,WASP-131 b,1,Transit,2016.0,1.2229999999999999,0.2715
1508,WASP-132 b,1,Transit,2016.0,0.8855,0.419
1509,WASP-132 c,1,Transit,2022.0,0.16462165,0.06860619999999999
1510,WASP-133 b,1,Transit,2016.0,1.21,1.16
1511,WASP-135 b,1,Transit,2015.0,1.3,1.9
1512,WASP-136 b,1,Transit,2016.0,1.38,1.51
1513,WASP-138 b,1,Transit,2016.0,1.09,1.22
1514,WASP-139 b,2,Transit,2016.0,0.8,0.117
1515,WASP-14 b,3,Transit,2008.0,1.281,7.675
1516,WASP-140 b,2,Transit,2016.0,1.44,2.44
1517,WASP-141 b,1,Transit,2016.0,1.21,2.69
1518,WASP-142 b,1,Transit,2016.0,1.53,0.84
1519,WASP-144 b,1,Transit,2018.0,0.85,0.44
1520,WASP-145 A b,2,Transit,2018.0,0.9,0.89
1521,WASP-147 b,1,Transit,2018.0,1.115,0.275
1522,WASP-148 b,1,Transit,2020.0,0.739,0.2905
1523,WASP-149 b,1,Transit,2025.0,1.36,0.991
1524,WASP-15 b,1,Transit,2009.0,1.41,0.542
1525,WASP-150 b,1,Transit,2020.0,1.07,8.46
1526,WASP-151 b,1,Transit,2017.0,1.1585,0.313
1527,WASP-153 b,1,Transit,2017.0,1.55,0.39
1528,WASP-154 b,1,Transit,2025.0,0.96,0.626
1529,WASP-155 b,1,Transit,2025.0,1.2,0.871
1530,WASP-156 b,1,Transit,2017.0,0.52389279,0.129758755
1531,WASP-157 b,1,Transit,2016.0,1.065,0.574
1532,WASP-158 b,1,Transit,2018.0,1.07,2.79
1533,WASP-159 b,1,Transit,2018.0,1.38,0.55
1534,WASP-16 b,1,Transit,2009.0,1.113,0.8815
1535,WASP-160 B b,2,Transit,2018.0,1.09,0.278
1536,WASP-161 b,1,Transit,2018.0,1.143,2.49
1537,WASP-162 b,1,Transit,2018.0,1.0,5.2
1538,WASP-163 b,1,Transit,2018.0,1.202,1.87
1539,WASP-164 b,1,Transit,2018.0,1.128,2.13
1540,WASP-165 b,1,Transit,2018.0,1.26,0.658
1541,WASP-166 b,1,Transit,2019.0,0.63,0.101
1542,WASP-167 b,1,Transit,2017.0,1.58,8.0
1543,WASP-168 b,2,Transit,2018.0,1.5,0.42
1544,WASP-169 b,1,Transit,2019.0,1.304,0.561
1545,WASP-17 b,1,Transit,2009.0,1.911,0.488
1546,WASP-170 b,1,Transit,2018.0,1.096,1.6
1547,WASP-171 b,1,Transit,2019.0,0.98,1.084
1548,WASP-172 b,1,Transit,2018.0,1.57,0.47
1549,WASP-173 A b,2,Transit,2018.0,1.2,3.69
1550,WASP-174 b,1,Transit,2018.0,1.3685,0.8150000000000001
1551,WASP-175 b,1,Transit,2019.0,1.208,0.99
1552,WASP-176 b,1,Transit,2020.0,1.505,0.855
1553,WASP-177 b,1,Transit,2019.0,1.58,0.508
1554,WASP-178 b,1,Transit,2019.0,1.875,1.535
1555,WASP-18 b,2,Transit,2009.0,1.178,10.335
1556,WASP-180 A b,2,Transit,2019.0,1.24,0.9
1557,WASP-181 b,1,Transit,2019.0,1.184,0.299
1558,WASP-182 b,1,Transit,2019.0,0.85,0.148
1559,WASP-183 b,1,Transit,2019.0,1.47,0.502
1560,WASP-184 b,1,Transit,2019.0,1.33,0.57
1561,WASP-185 b,1,Transit,2019.0,1.25,0.98
1562,WASP-186 b,1,Transit,2020.0,1.11,4.22
1563,WASP-187 b,1,Transit,2020.0,1.64,0.8
1564,WASP-188 b,1,Transit,2025.0,1.322,1.443
1565,WASP-189 b,1,Transit,2020.0,1.619,1.99
1566,WASP-19 b,1,Transit,2009.0,1.3935,1.1469999999999998
1567,WASP-190 b,1,Transit,2019.0,1.15,1.0
1568,WASP-192 b,1,Transit,2019.0,1.23,2.3
1569,WASP-193 b,2,Transit,2023.0,1.3915,0.1255
1570,WASP-194 b,1,Transit,2025.0,1.381,1.174
1571,WASP-195 b,1,Transit,2025.0,0.92,0.104
1572,WASP-197 b,1,Transit,2025.0,1.289,1.269
1573,WASP-2 b,2,Transit,2007.0,1.071,0.88
1574,WASP-20 b,2,Transit,2015.0,1.462,0.311
1575,WASP-21 b,1,Transit,2010.0,1.15,0.295
1576,WASP-22 b,1,Transit,2010.0,1.158,0.588
1577,WASP-23 b,1,Transit,2010.0,0.962,0.8815
1578,WASP-24 b,3,Transit,2010.0,1.3014999999999999,1.0899999999999999
1579,WASP-25 b,1,Transit,2010.0,1.22,0.577
1580,WASP-26 b,2,Transit,2010.0,1.281,1.02
1581,WASP-28 b,1,Transit,2014.0,1.219,0.906
1582,WASP-29 b,1,Transit,2010.0,0.784,0.244
1583,WASP-3 b,3,Transit,2007.0,1.408,1.935
1584,WASP-31 b,1,Transit,2010.0,1.549,0.479
1585,WASP-32 b,1,Transit,2010.0,1.1400000000000001,3.545
1586,WASP-33 b,2,Transit,2010.0,1.5965,2.6864999999999997
1587,WASP-34 b,1,Transit,2010.0,1.22,0.583
1588,WASP-35 b,1,Transit,2011.0,1.32,0.71
1589,WASP-36 b,2,Transit,2011.0,1.281,2.296
1590,WASP-37 b,1,Transit,2010.0,1.16,1.76
1591,WASP-38 b,1,Transit,2010.0,1.092,2.7
1592,WASP-39 b,1,Transit,2011.0,1.27,0.28
1593,WASP-4 b,1,Transit,2007.0,1.349,1.216
1594,WASP-41 b,1,Transit,2011.0,1.18,0.94
1595,WASP-42 b,1,Transit,2012.0,1.08,0.501
1596,WASP-43 b,1,Transit,2011.0,0.968,1.899
1597,WASP-44 b,1,Transit,2011.0,1.1,0.87
1598,WASP-45 b,2,Transit,2011.0,1.14,1.003
1599,WASP-46 b,1,Transit,2011.0,1.174,1.91
1600,WASP-47 b,1,Transit,2012.0,1.13658667,1.143224085
1601,WASP-47 d,1,Transit,2015.0,0.32117049,0.0446782
1602,WASP-47 e,1,Transit,2015.0,0.16178963000000002,0.025265205
1603,WASP-48 b,1,Transit,2011.0,1.67,0.98
1604,WASP-49 b,2,Transit,2012.0,1.115,0.3885
1605,WASP-5 b,1,Transit,2008.0,1.1655,1.58
1606,WASP-50 b,1,Transit,2011.0,1.153,1.4688
1607,WASP-52 b,1,Transit,2012.0,1.2614999999999998,0.4595
1608,WASP-53 b,1,Transit,2017.0,1.074,2.132
1609,WASP-54 b,2,Transit,2012.0,1.653,0.606
1610,WASP-55 b,2,Transit,2012.0,1.314,0.586
1611,WASP-56 b,2,Transit,2012.0,1.092,0.571
1612,WASP-57 b,1,Transit,2012.0,1.05,0.644
1613,WASP-58 b,2,Transit,2012.0,1.37,0.899
1614,WASP-59 b,1,Transit,2012.0,0.775,0.863
1615,WASP-6 b,1,Transit,2009.0,1.222,0.484
1616,WASP-60 b,1,Transit,2012.0,0.87,0.532
1617,WASP-61 b,1,Transit,2012.0,1.24,2.06
1618,WASP-62 b,1,Transit,2012.0,1.365,0.569
1619,WASP-63 b,1,Transit,2012.0,1.41,0.37
1620,WASP-64 b,2,Transit,2012.0,1.271,1.246
1621,WASP-65 b,1,Transit,2013.0,1.112,1.545
1622,WASP-66 b,1,Transit,2012.0,1.39,2.335
1623,WASP-67 b,1,Transit,2012.0,1.275,0.42
1624,WASP-68 b,2,Transit,2014.0,1.24,0.957
1625,WASP-69 b,1,Transit,2014.0,1.057,0.26
1626,WASP-7 b,1,Transit,2008.0,1.3465,0.97
1627,WASP-70 A b,2,Transit,2014.0,1.164,0.5934999999999999
1628,WASP-71 b,1,Transit,2012.0,1.405,2.181
1629,WASP-72 b,1,Transit,2012.0,1.27,1.5461
1630,WASP-73 b,1,Transit,2014.0,1.16,1.88
1631,WASP-74 b,1,Transit,2015.0,1.482,0.885
1632,WASP-75 b,2,Transit,2013.0,1.27,1.0715
1633,WASP-76 b,2,Transit,2016.0,1.8375,0.902
1634,WASP-77 A b,2,Transit,2012.0,1.21,1.7614999999999998
1635,WASP-78 b,1,Transit,2012.0,1.815,0.875
1636,WASP-79 b,1,Transit,2012.0,1.67,0.85
1637,WASP-8 b,2,Transit,2010.0,1.038,2.2
1638,WASP-80 b,1,Transit,2012.0,0.952,0.55
1639,WASP-81 b,1,Transit,2017.0,1.429,0.729
1640,WASP-82 b,1,Transit,2015.0,1.67,1.24
1641,WASP-83 b,1,Transit,2015.0,1.04,0.3025
1642,WASP-84 b,1,Transit,2014.0,0.949,0.693
1643,WASP-84 c,1,Transit,2023.0,0.174,0.048
1644,WASP-85 A b,2,Transit,2016.0,1.24,1.265
1645,WASP-87 b,2,Transit,2016.0,1.385,2.18
1646,WASP-88 b,1,Transit,2014.0,1.7,0.56
1647,WASP-89 b,1,Transit,2015.0,1.04,5.85
1648,WASP-90 b,1,Transit,2016.0,1.63,0.63
1649,WASP-91 b,1,Transit,2017.0,1.03,1.34
1650,WASP-92 b,1,Transit,2016.0,1.461,0.805
1651,WASP-93 b,1,Transit,2016.0,1.597,1.47
1652,WASP-94 A b,2,Transit,2014.0,1.72,0.456
1653,WASP-95 b,1,Transit,2014.0,1.21,1.204
1654,WASP-96 b,1,Transit,2014.0,1.2,0.48
1655,WASP-97 b,1,Transit,2014.0,1.13,1.323
1656,WASP-98 b,2,Transit,2014.0,1.1,0.848
1657,WASP-99 b,1,Transit,2014.0,1.1,2.78
1658,WD 1856+534 b,3,Transit,2020.0,0.9369129249999999,9.5
1659,WISEP J121756.91+162640.2 A b,1,Imaging,2012.0,0.934,22.0
1660,WISPIT 2 b,1,Imaging,2025.0,1.6,4.9
1661,WISPIT 2 c,1,Imaging,2026.0,1.6,10.0
1662,WTS-1 b,1,Transit,2012.0,1.49,4.01
1663,WTS-2 b,1,Transit,2014.0,1.363,1.195
1664,Wendelstein-1 b,1,Transit,2020.0,1.0314,0.592
1665,Wendelstein-2 b,1,Transit,2020.0,1.1592,0.731
1666,Wolf 327 b,1,Transit,2024.0,0.11062558,0.00796027
1667,Wolf 503 b,1,Transit,2018.0,0.18226457,0.019711895
1668,XO-1 b,1,Transit,2006.0,1.206,0.913
1669,XO-2 N b,2,Transit,2007.0,0.993,0.566
1670,XO-3 b,1,Transit,2007.0,1.284,11.809999999999999
1671,XO-4 b,1,Transit,2010.0,1.29,1.547
1672,XO-5 b,1,Transit,2008.0,1.109,1.084
1673,XO-6 b,1,Transit,2016.0,2.07,4.4
1674,XO-7 b,1,Transit,2019.0,1.3715000000000002,0.7095
1675,ZTF J1230-2655 b,1,Transit,2025.0,1.23,22.1
1676,ZTF J1828+2308 b,1,Transit,2025.0,0.993,20.0
1677,bet Pic b,1,Imaging,2008.0,1.575,13.5
1678,kap And b,1,Imaging,2012.0,1.42,17.3
1679,pi Men c,1,Transit,2018.0,0.18378089,0.01422144
